Disaster_ID,Disaster_Type,Country,Region,Date,People_Affected,Deaths,Injuries,Food_Required,Water_Required,Medical_Kits,Shelter_Needed,Relief_Provided
1,Wildfire,Indonesia,West,2024-05-31,39380,216,8790,78760,196900,2683,1936,55846
2,Flood,India,West,2024-05-13,78761,3585,5967,236283,393805,4409,1954,117078
3,Cyclone,India,East,2023-07-31,38381,875,1556,38381,115143,4551,2629,16892
4,Flood,India,Central,2026-05-01,48200,4978,3607,96400,241000,1907,476,90071
5,Drought,Sri Lanka,Central,2023-09-25,74719,487,6059,74719,149438,1781,1783,50430
6,Landslide,Pakistan,North,2022-04-10,1650,81,5563,3300,3300,274,1611,1086
7,Cyclone,Indonesia,Central,2024-10-01,81300,1034,4831,162600,325200,209,1789,140462
8,Earthquake,Pakistan,East,2024-02-27,80978,1194,574,161956,161956,578,2492,51540
9,Flood,India,North,2025-07-16,99779,523,6671,99779,498895,4498,2132,34071
10,Cyclone,Bangladesh,North,2025-12-23,2715,2779,9729,5430,13575,4650,155,4768
11,Drought,Pakistan,Central,2022-09-03,17809,1216,2787,35618,35618,492,1004,29566
12,Flood,Nepal,Central,2025-06-15,53683,3501,2575,107366,161049,776,264,83756
13,Drought,Pakistan,South,2022-01-28,85643,716,6545,85643,256929,4560,1944,78395
14,Earthquake,Sri Lanka,West,2023-03-10,21771,3712,1318,65313,87084,615,267,26921
15,Earthquake,Nepal,Central,2025-03-16,49945,611,6830,99890,149835,3612,157,85512
16,Drought,Bangladesh,Central,2022-04-11,77738,257,112,155476,388690,2447,1692,124410
17,Cyclone,India,West,2024-09-03,5962,171,9195,5962,17886,963,1410,2911
18,Landslide,Sri Lanka,North,2022-07-02,85161,3191,8310,255483,425805,3911,1761,154237
19,Earthquake,Sri Lanka,Central,2023-12-10,85459,4159,9514,170918,427295,4949,2488,154387
20,Cyclone,Indonesia,Central,2022-09-24,58370,3303,9265,175110,175110,3432,2562,150450
21,Wildfire,Indonesia,North,2024-05-15,27389,481,486,54778,136945,2974,93,31494
22,Landslide,Sri Lanka,North,2023-05-23,4018,4605,5071,12054,16072,4047,823,4423
23,Earthquake,Nepal,West,2026-01-22,13768,2393,9364,41304,68840,3952,2464,35733
24,Flood,Indonesia,South,2025-01-18,7656,2654,7077,7656,22968,175,1555,4155
25,Landslide,Bangladesh,Central,2026-02-05,94931,1836,287,94931,474655,4533,2529,82283
26,Landslide,Pakistan,West,2025-04-28,64758,2694,5523,64758,129516,1632,2186,43896
27,Flood,Bangladesh,East,2022-07-02,9875,2503,2776,9875,39500,456,1564,4635
28,Cyclone,Sri Lanka,Central,2026-01-12,71351,2326,8328,71351,356755,1588,1251,35372
29,Wildfire,Nepal,West,2024-03-27,90644,2322,8412,271932,453220,3660,122,268493
30,Earthquake,Indonesia,West,2024-03-15,48756,3256,6346,48756,146268,1937,2709,43988
31,Cyclone,Indonesia,South,2025-10-11,82045,909,8635,164090,410225,2518,218,162595
32,Earthquake,Bangladesh,South,2023-01-15,23595,1144,6536,47190,117975,1304,2070,33638
33,Cyclone,Nepal,North,2026-01-26,63659,3826,3141,63659,318295,229,2705,37242
34,Drought,Sri Lanka,South,2021-12-01,98121,1113,6071,98121,196242,4471,985,57764
35,Wildfire,Indonesia,Central,2024-09-07,25582,3846,3462,25582,51164,1622,870,8736
36,Drought,Indonesia,Central,2023-07-25,6566,875,8572,13132,13132,2920,1127,4736
37,Wildfire,Bangladesh,Central,2023-12-31,81043,4276,7180,243129,405215,3477,1624,154315
38,Landslide,Sri Lanka,West,2022-02-03,53601,1803,4858,53601,107202,1599,2586,33197
39,Earthquake,Pakistan,East,2024-08-24,73179,2264,9728,73179,292716,1677,2823,23662
40,Cyclone,Indonesia,East,2024-11-15,57961,4484,6354,173883,173883,3530,977,84396
41,Earthquake,Indonesia,South,2025-03-07,43981,811,6748,131943,87962,1791,2195,41054
42,Flood,Nepal,North,2024-12-16,79426,980,9181,79426,238278,3462,2143,60102
43,Earthquake,Pakistan,North,2021-09-26,59873,529,6344,179619,299365,511,1733,88359
44,Earthquake,Indonesia,West,2026-03-19,33720,1280,1342,101160,168600,1990,181,45976
45,Flood,India,North,2025-07-17,6761,741,979,20283,33805,234,1096,14068
46,Drought,Sri Lanka,North,2022-01-05,73415,2710,1863,73415,367075,2293,527,23849
47,Flood,Sri Lanka,West,2025-11-11,8575,1832,3593,25725,17150,774,275,11658
48,Drought,Indonesia,South,2023-06-13,65070,761,6285,130140,195210,2002,1759,78288
49,Landslide,India,West,2025-08-10,96980,1979,6551,193960,290940,4832,1663,64857
50,Flood,Bangladesh,South,2023-07-20,89282,2576,5472,267846,446410,2630,1044,172128
51,Wildfire,India,East,2024-07-14,78833,3600,3253,236499,394165,747,2013,176034
52,Drought,Pakistan,South,2024-06-03,88000,4357,9296,264000,264000,3013,603,129812
53,Flood,Nepal,East,2026-06-03,48776,4062,2014,97552,97552,749,1954,89859
54,Drought,Bangladesh,South,2026-01-23,46361,938,4542,139083,231805,3767,1506,65221
55,Drought,Sri Lanka,West,2023-10-17,10311,3467,4429,20622,30933,696,2475,9703
56,Landslide,Nepal,East,2024-03-25,84391,3372,5480,253173,253173,3829,128,169440
57,Wildfire,Nepal,North,2021-09-18,6521,4575,8211,13042,19563,2920,1788,8621
58,Earthquake,India,East,2022-09-09,55311,52,2942,55311,221244,1639,893,40928
59,Flood,India,West,2025-02-20,72508,28,4969,145016,217524,4389,2128,104983
60,Flood,India,South,2022-01-26,58622,3680,7087,175866,293110,3360,1337,128505
61,Drought,India,East,2021-11-05,21937,4553,7117,65811,87748,523,924,45233
62,Wildfire,Indonesia,North,2026-05-04,66446,2859,468,132892,332230,769,2359,111538
63,Landslide,Bangladesh,North,2022-03-26,15541,2955,1746,46623,77705,4578,1079,39536
64,Cyclone,Nepal,Central,2026-02-18,4574,1224,6273,9148,18296,4357,1938,8942
65,Drought,India,East,2023-11-26,21017,3937,3305,42034,42034,2310,2798,39944
66,Flood,Pakistan,Central,2025-07-03,20919,3283,5715,20919,83676,508,2113,19665
67,Earthquake,Sri Lanka,East,2025-09-11,87645,2367,9771,175290,438225,2241,182,148096
68,Drought,India,Central,2021-10-21,94884,2827,6522,284652,284652,2215,1288,174971
69,Wildfire,Nepal,West,2022-10-30,35997,1072,4187,35997,143988,3625,598,16223
70,Wildfire,Nepal,East,2022-12-12,25850,2631,1510,77550,103400,836,2630,63766
71,Cyclone,Bangladesh,North,2024-07-04,81241,4936,8146,162482,406205,572,1768,54478
72,Landslide,Pakistan,South,2024-12-13,61638,832,3664,123276,308190,4058,1175,66066
73,Earthquake,Bangladesh,Central,2024-05-09,9279,451,6437,27837,37116,3462,345,9371
74,Drought,Pakistan,West,2024-01-13,23086,3381,6891,46172,69258,1697,2905,24987
75,Flood,Indonesia,West,2025-11-19,63260,4101,5391,189780,316300,228,1641,71868
76,Flood,Indonesia,West,2025-08-02,51831,3835,5431,103662,259155,2630,137,34017
77,Drought,Bangladesh,North,2024-04-29,73766,732,1664,147532,221298,4895,454,91915
78,Wildfire,India,Central,2024-01-12,72910,4398,4374,72910,364550,1869,1844,35071
79,Drought,Indonesia,South,2022-11-30,30620,99,751,91860,122480,527,1881,42726
80,Landslide,Indonesia,East,2025-04-22,6229,570,7036,12458,24916,436,1185,4209
81,Wildfire,Pakistan,Central,2022-01-30,87597,3101,7700,87597,437985,1522,284,73960
82,Flood,Nepal,West,2023-07-23,31446,2312,5529,62892,62892,3324,956,60850
83,Wildfire,Indonesia,East,2025-11-07,91604,1033,8460,91604,274812,3816,1102,90808
84,Drought,Nepal,East,2021-12-21,98298,1531,683,196596,393192,125,2499,75295
85,Wildfire,Sri Lanka,North,2023-09-05,12219,4734,7622,12219,24438,1665,2511,4678
86,Cyclone,India,East,2021-08-14,90191,3198,7001,90191,360764,1425,895,29320
87,Drought,Sri Lanka,North,2023-02-16,48035,3182,3934,48035,96070,2480,2112,43175
88,Flood,Indonesia,North,2025-12-06,62287,4086,4853,124574,311435,3048,1319,87844
89,Wildfire,Nepal,East,2022-08-14,56113,3993,3642,112226,168339,446,798,60583
90,Drought,Indonesia,West,2021-08-02,65913,2211,6789,65913,197739,811,1600,55731
91,Earthquake,Sri Lanka,West,2025-05-03,83876,4161,4355,251628,335504,2596,2969,111722
92,Landslide,India,South,2025-01-01,49893,2814,3612,49893,149679,4426,2141,40603
93,Cyclone,India,Central,2022-09-08,44829,597,4836,44829,89658,3084,412,30629
94,Wildfire,Sri Lanka,South,2023-08-13,49677,1387,4198,99354,99354,2079,2938,57755
95,Cyclone,India,West,2026-01-21,10775,3290,2326,10775,53875,1491,660,8632
96,Cyclone,Indonesia,West,2021-12-31,44502,4536,3810,44502,133506,963,949,14076
97,Wildfire,Indonesia,Central,2025-08-17,50345,4117,9242,50345,100690,1183,2857,36343
98,Cyclone,Pakistan,South,2025-03-15,67871,3538,8960,203613,271484,2657,889,137348
99,Earthquake,Sri Lanka,South,2021-12-03,20648,3512,9753,41296,61944,3370,341,24734
100,Earthquake,India,West,2025-05-02,73430,2309,8982,73430,146860,4564,1309,44734
101,Drought,Bangladesh,Central,2021-07-30,25496,4309,5177,25496,76488,3673,1848,17533
102,Landslide,India,North,2025-11-23,9880,2025,4934,29640,49400,1430,1620,10935
103,Drought,Indonesia,Central,2021-08-21,8352,2200,3931,16704,25056,4375,2231,8676
104,Landslide,India,East,2025-06-09,62667,4387,5003,125334,188001,4174,1690,69453
105,Landslide,Nepal,East,2022-01-29,95984,2917,4517,287952,191968,3214,1683,200606
106,Drought,India,South,2022-05-13,16345,141,1370,49035,49035,4089,2760,35084
107,Cyclone,India,North,2025-12-18,68442,2977,7079,68442,136884,318,2393,43212
108,Flood,Bangladesh,Central,2025-08-16,85496,2989,1875,85496,427480,3828,2262,49216
109,Drought,India,West,2021-06-24,86739,1158,86,260217,260217,2835,585,178734
110,Drought,Nepal,North,2024-08-02,64942,721,2277,194826,259768,2009,349,185006
111,Cyclone,India,West,2024-02-19,32713,4818,5896,32713,163565,3786,2731,23053
112,Earthquake,Indonesia,East,2025-09-24,29655,312,4402,88965,148275,2270,2652,27509
113,Wildfire,Pakistan,West,2022-01-10,50694,2755,6264,101388,202776,1132,2892,76014
114,Earthquake,Indonesia,West,2022-04-04,71511,3472,6727,143022,214533,1160,2492,114412
115,Landslide,India,South,2024-12-02,12942,2412,2421,25884,64710,2413,974,16850
116,Cyclone,India,East,2024-01-12,74639,2851,9792,223917,223917,751,55,170117
117,Wildfire,India,West,2025-05-07,17642,4096,5861,17642,35284,4340,1049,7657
118,Wildfire,Nepal,North,2023-04-08,88154,1623,4342,176308,176308,1828,1190,118870
119,Wildfire,India,Central,2024-08-04,60317,4379,3230,180951,241268,4435,2359,162815
120,Cyclone,Indonesia,South,2025-08-15,91637,3169,7044,183274,366548,2305,2083,82221
121,Flood,Bangladesh,North,2026-01-15,42172,3112,8282,42172,210860,4640,442,40510
122,Cyclone,India,East,2024-03-06,9067,4779,3388,9067,36268,3024,1247,3019
123,Earthquake,Indonesia,North,2021-09-18,59310,4327,8118,118620,118620,1040,1811,67644
124,Flood,Indonesia,Central,2026-04-28,49011,2645,5847,98022,147033,4315,259,53340
125,Flood,India,Central,2025-08-28,5233,99,1261,15699,26165,4109,1641,14072
126,Cyclone,India,West,2022-07-12,83069,4830,5581,166138,415345,4836,1951,118807
127,Landslide,Bangladesh,South,2021-08-21,96600,3647,2058,193200,483000,4543,452,189764
128,Wildfire,Bangladesh,West,2025-07-11,39440,292,235,78880,157760,378,2013,38011
129,Earthquake,Sri Lanka,East,2024-10-14,68689,2040,9536,206067,343445,1627,1694,173121
130,Earthquake,Nepal,North,2021-11-13,39533,276,7675,118599,158132,4479,791,82929
131,Flood,Pakistan,Central,2021-08-28,16327,2117,5365,16327,65308,3603,700,11096
132,Cyclone,Pakistan,Central,2023-12-22,64362,2451,1110,128724,128724,1409,266,100793
133,Drought,Indonesia,South,2021-09-20,91303,3791,8503,273909,182606,2538,2079,161277
134,Drought,Indonesia,North,2023-05-02,72616,1981,3987,72616,217848,1400,2591,26751
135,Drought,Bangladesh,West,2025-10-28,75833,3049,1179,227499,379165,3630,227,166860
136,Drought,India,Central,2021-11-28,59390,514,386,59390,178170,2480,379,41094
137,Wildfire,India,East,2024-06-18,10062,4988,8935,30186,40248,1981,2323,15861
138,Drought,Indonesia,North,2025-07-17,31426,1539,7751,94278,62852,4801,1026,29447
139,Flood,Pakistan,Central,2022-11-25,61955,2715,3950,61955,309775,4606,636,39817
140,Cyclone,Bangladesh,South,2026-05-13,14290,1859,9710,28580,42870,1341,2401,23862
141,Landslide,Sri Lanka,West,2024-02-04,38637,2749,9418,38637,77274,3338,396,23341
142,Landslide,Indonesia,Central,2025-01-29,28755,1754,5992,86265,143775,2186,2472,63135
143,Landslide,Nepal,West,2025-12-10,67783,4527,8987,67783,271132,2645,1127,39230
144,Flood,Nepal,West,2023-03-13,47049,1945,8485,141147,141147,3855,1161,70297
145,Wildfire,India,Central,2022-04-17,41885,3500,6270,125655,83770,510,2510,78963
146,Landslide,Bangladesh,East,2025-05-13,67468,1575,5904,134936,134936,117,1073,53163
147,Earthquake,Pakistan,South,2024-09-14,94507,3787,7030,94507,283521,4484,2670,84628
148,Cyclone,Sri Lanka,South,2024-07-01,82159,543,5598,246477,164318,1875,1763,146330
149,Landslide,India,Central,2025-08-01,77782,4541,9848,77782,233346,1207,2388,50786
150,Cyclone,Indonesia,East,2023-02-13,45818,3355,2528,137454,91636,4437,2959,123737
151,Wildfire,Nepal,Central,2021-08-06,94180,4874,6771,94180,470900,3704,2995,57449
152,Landslide,India,North,2023-12-23,28038,4763,1265,28038,140190,4129,1700,24232
153,Landslide,Indonesia,South,2023-07-10,58738,3095,1124,58738,293690,1115,1460,19100
154,Drought,Sri Lanka,West,2023-11-08,44035,4727,8570,44035,176140,3443,146,41602
155,Landslide,Bangladesh,North,2021-08-25,57092,587,3377,171276,228368,378,1369,166478
156,Cyclone,Pakistan,South,2024-01-27,98213,2408,1999,98213,294639,2552,1742,42440
157,Drought,Indonesia,East,2025-09-02,61455,942,7119,184365,122910,2592,1515,108290
158,Wildfire,Pakistan,South,2025-05-16,94789,4408,2011,284367,379156,2789,2599,225728
159,Flood,Pakistan,West,2024-08-15,74204,2225,8043,74204,296816,2536,1665,37622
160,Cyclone,Pakistan,West,2025-05-20,68081,4520,9676,68081,272324,1234,459,57094
161,Drought,India,North,2025-12-16,55433,4118,2056,55433,110866,902,1377,55128
162,Flood,Bangladesh,Central,2022-03-31,27124,379,2616,27124,54248,2046,1906,19589
163,Landslide,Indonesia,West,2023-10-30,1780,131,5480,3560,7120,1167,2877,2095
164,Wildfire,Pakistan,North,2024-02-25,28481,3144,7787,85443,85443,2582,417,59248
165,Landslide,Nepal,West,2025-02-24,9815,1390,3684,9815,19630,909,986,4811
166,Earthquake,Nepal,Central,2026-05-20,45377,4880,7527,136131,136131,3627,712,98326
167,Drought,India,South,2022-03-06,96023,1783,8686,288069,192046,4166,1774,154361
168,Drought,Pakistan,North,2024-03-20,87074,3171,7444,87074,348296,1395,2958,80139
169,Drought,Nepal,East,2024-10-24,95607,2093,8460,95607,382428,640,782,89937
170,Earthquake,Pakistan,West,2024-03-23,67190,1857,7809,134380,134380,107,1085,132763
171,Flood,Nepal,Central,2022-06-16,41638,1708,9328,41638,83276,492,493,27744
172,Flood,Indonesia,East,2025-12-20,66719,4594,368,66719,333595,2522,1584,53933
173,Cyclone,Pakistan,North,2026-03-14,42704,290,9918,85408,213520,1689,812,30595
174,Landslide,India,North,2025-09-17,63603,1391,1176,127206,127206,2911,928,65344
175,Landslide,Pakistan,South,2025-08-02,82118,776,3133,82118,410590,2394,589,27502
176,Drought,Indonesia,South,2024-09-10,30500,1384,9196,30500,91500,3529,551,26740
177,Drought,Bangladesh,Central,2024-11-27,30478,364,5909,91434,121912,1092,337,88622
178,Landslide,Sri Lanka,South,2026-02-11,69790,742,8859,209370,348950,4298,1248,75110
179,Landslide,Sri Lanka,Central,2024-02-10,78444,1647,1690,235332,156888,813,168,98171
180,Flood,Bangladesh,North,2025-11-03,77561,2112,7193,155122,387805,1795,1622,101956
181,Cyclone,Nepal,Central,2024-05-24,77499,491,1311,77499,154998,3602,1282,74762
182,Earthquake,Bangladesh,North,2024-11-14,97415,676,7295,194830,389660,919,1171,107354
183,Landslide,Nepal,South,2021-10-31,85384,4398,7664,85384,341536,152,2723,66209
184,Flood,India,South,2025-03-11,51954,1447,5817,155862,207816,4120,2834,96059
185,Flood,Indonesia,South,2021-11-23,57657,1278,8820,172971,115314,2510,1695,118476
186,Drought,India,Central,2026-03-21,17217,2511,7703,51651,86085,1418,1593,29825
187,Earthquake,Indonesia,South,2023-05-16,53562,2230,74,53562,267810,1205,1494,17701
188,Flood,Nepal,South,2023-11-15,30959,4618,1479,92877,154795,3517,2545,64267
189,Cyclone,Bangladesh,Central,2021-11-07,93598,1110,2325,93598,467990,1691,2085,30163
190,Cyclone,Nepal,West,2025-03-19,50510,3562,7799,101020,202040,2172,2665,62162
191,Flood,Bangladesh,West,2022-08-09,19783,2916,8142,19783,79132,679,2165,6047
192,Drought,Indonesia,West,2023-06-10,84963,3520,194,254889,339852,776,1653,137885
193,Cyclone,Pakistan,South,2023-09-14,91290,1388,2987,273870,273870,207,1672,227808
194,Drought,Sri Lanka,Central,2022-11-25,29695,4496,4110,29695,59390,2576,171,17437
195,Drought,Bangladesh,South,2021-12-28,29166,414,9701,29166,58332,3279,2767,18634
196,Cyclone,Pakistan,South,2025-06-03,33852,4641,7948,67704,67704,1541,917,40985
197,Drought,Indonesia,West,2025-09-06,74601,3635,6573,149202,298404,1644,276,83286
198,Cyclone,Indonesia,South,2023-03-17,99031,4526,7913,99031,297093,1399,483,68139
199,Wildfire,Pakistan,West,2025-03-18,67064,1967,2905,134128,268256,1887,2552,112435
200,Cyclone,Nepal,North,2024-08-31,41215,680,7900,41215,123645,2127,2415,15126
201,Drought,India,West,2025-09-07,69663,690,9826,69663,139326,188,853,22509
202,Earthquake,Sri Lanka,Central,2026-02-28,40749,1003,2225,122247,81498,3860,2998,60523
203,Drought,Pakistan,Central,2025-01-06,64580,589,1762,129160,129160,2136,62,106798
204,Flood,Pakistan,Central,2023-04-26,89810,4738,6394,89810,359240,3363,2237,75536
205,Flood,Pakistan,South,2022-12-17,49083,2055,7551,98166,196332,3172,1411,82119
206,Flood,India,North,2023-04-15,46535,4265,9798,46535,232675,3527,226,45759
207,Cyclone,Sri Lanka,Central,2023-01-08,97371,324,6835,194742,389484,4016,1799,185129
208,Wildfire,India,Central,2026-02-06,66491,2215,7101,132982,199473,2738,2943,75022
209,Earthquake,Indonesia,Central,2022-01-05,44031,4223,4129,132093,220155,2369,872,50834
210,Cyclone,Bangladesh,West,2022-08-10,35270,1130,5052,35270,70540,3559,2217,32819
211,Drought,Nepal,West,2025-10-30,34525,3166,2759,69050,138100,161,138,43181
212,Wildfire,Nepal,Central,2022-11-09,36787,704,9449,73574,183935,3698,2451,63965
213,Landslide,India,West,2022-04-02,45572,2629,5632,45572,136716,3609,1080,29083
214,Wildfire,Bangladesh,Central,2024-05-25,32678,2122,6809,32678,163390,3635,1590,30812
215,Landslide,Sri Lanka,Central,2022-01-30,86176,297,3270,172352,344704,1262,373,101529
216,Cyclone,Sri Lanka,Central,2023-05-09,40083,4632,3380,80166,80166,717,560,44996
217,Cyclone,Nepal,South,2023-04-18,54501,3458,2488,163503,109002,993,2814,112218
218,Flood,Pakistan,West,2021-09-23,85116,4964,251,170232,170232,1236,1334,164092
219,Landslide,Nepal,North,2021-07-23,96163,4855,6514,192326,192326,1326,2054,149789
220,Landslide,Indonesia,South,2024-05-23,9310,3404,2323,18620,46550,3979,1673,15637
221,Wildfire,Bangladesh,East,2021-09-12,85256,2849,8352,170512,426280,4865,705,169728
222,Landslide,Bangladesh,East,2021-07-17,19197,241,9733,57591,38394,4805,380,43198
223,Earthquake,Sri Lanka,South,2025-01-16,32304,4515,749,96912,64608,2641,501,62807
224,Drought,Pakistan,North,2022-10-27,22567,4573,3541,67701,45134,642,2932,52894
225,Flood,Pakistan,West,2021-09-20,61652,2878,7458,184956,184956,1877,1278,116682
226,Drought,Nepal,Central,2022-03-13,95408,4506,3990,286224,477040,1208,2067,250894
227,Drought,Pakistan,Central,2024-02-12,57355,2485,5432,114710,286775,313,868,44586
228,Drought,Nepal,North,2023-11-28,40091,3085,282,120273,120273,4570,2087,107863
229,Drought,Indonesia,East,2023-11-19,89056,3685,8497,89056,445280,1582,2642,35728
230,Flood,Sri Lanka,West,2023-02-10,20445,730,4807,61335,40890,4605,2535,45708
231,Landslide,Pakistan,South,2022-11-30,71950,816,1646,215850,287800,573,2111,79251
232,Landslide,Indonesia,South,2023-09-03,13606,2073,4475,13606,40818,675,1959,7315
233,Wildfire,Nepal,West,2025-11-26,99903,2578,1210,99903,199806,1658,1303,61717
234,Cyclone,Sri Lanka,Central,2025-04-29,60017,569,9796,180051,240068,4902,229,155697
235,Wildfire,Nepal,West,2026-02-12,83229,475,8009,249687,416145,1802,2520,209767
236,Wildfire,Sri Lanka,Central,2025-06-14,68883,4714,2216,206649,137766,937,529,79260
237,Cyclone,Indonesia,East,2024-10-10,23423,501,442,70269,70269,215,182,27368
238,Landslide,Pakistan,North,2026-04-26,92203,402,5058,92203,276609,1260,1965,86076
239,Drought,Nepal,Central,2021-08-09,62064,4205,5166,62064,186192,297,1843,40272
240,Wildfire,Pakistan,West,2023-03-08,58275,4510,5501,58275,291375,2533,548,49015
241,Earthquake,Indonesia,North,2022-03-11,78252,612,7348,78252,391260,3015,2355,60213
242,Earthquake,Pakistan,North,2025-08-24,83228,4639,6820,83228,416140,3113,2165,35092
243,Cyclone,Sri Lanka,Central,2024-11-14,65987,50,692,197961,263948,4690,1708,132311
244,Earthquake,Indonesia,South,2024-06-14,76383,3405,9328,229149,305532,1756,1062,95303
245,Cyclone,Nepal,South,2025-07-03,43828,2718,3580,131484,175312,2549,1632,109916
246,Flood,Pakistan,East,2023-08-31,77499,4893,4080,154998,309996,3585,610,67639
247,Earthquake,Indonesia,West,2023-03-23,6989,4825,7811,13978,13978,4711,1833,11681
248,Wildfire,Bangladesh,North,2023-10-20,43410,1496,6837,130230,173640,712,837,84348
249,Earthquake,Bangladesh,West,2025-07-23,69653,931,8616,208959,139306,433,1457,122789
250,Wildfire,India,South,2021-12-04,15450,4510,474,15450,30900,467,1494,5097
251,Cyclone,Indonesia,West,2025-11-09,74775,2710,9199,74775,224325,1154,2465,31672
252,Drought,Bangladesh,East,2022-08-16,85534,1795,3662,171068,342136,1748,2885,76166
253,Cyclone,Nepal,West,2025-06-17,61755,1083,6529,123510,308775,2615,2511,88400
254,Cyclone,Sri Lanka,Central,2024-10-05,39482,3785,3064,78964,118446,2541,1711,36288
255,Wildfire,Bangladesh,North,2021-10-30,30694,3565,6998,92082,61388,1127,905,48968
256,Wildfire,Nepal,South,2021-09-24,49112,1665,239,98224,147336,1516,1312,88930
257,Drought,Bangladesh,Central,2023-02-07,60810,3054,4909,182430,243240,4161,345,140901
258,Landslide,Indonesia,East,2023-12-17,9159,2234,6852,9159,27477,1911,2752,3434
259,Landslide,India,West,2023-08-07,12014,3047,8412,24028,48056,2109,913,7604
260,Wildfire,Pakistan,East,2025-06-07,10795,1461,1086,32385,43180,4360,1011,13804
261,Drought,Sri Lanka,West,2026-04-19,15755,1494,1666,31510,31510,3615,1154,10040
262,Flood,Nepal,Central,2026-04-03,59916,2001,6185,179748,119832,736,182,138271
263,Drought,Sri Lanka,North,2021-10-31,23817,319,2254,23817,71451,993,2875,11171
264,Wildfire,Sri Lanka,Central,2021-07-09,67866,1221,2326,135732,203598,3260,2857,107575
265,Flood,India,South,2023-06-03,46556,4779,1013,139668,232780,3079,342,62755
266,Earthquake,Sri Lanka,Central,2025-08-01,24976,0,659,49952,49952,4288,2757,27565
267,Flood,Sri Lanka,Central,2022-09-09,63132,2616,1931,189396,126264,3103,1160,146228
268,Cyclone,Bangladesh,South,2025-02-26,3633,628,2675,7266,7266,262,2690,4930
269,Drought,Bangladesh,North,2022-09-05,46979,2303,2691,93958,187916,2885,1073,83954
270,Earthquake,Nepal,North,2022-02-28,25263,211,1926,75789,101052,853,606,64556
271,Flood,Sri Lanka,South,2021-11-02,18455,4237,2812,55365,73820,1941,1302,27863
272,Wildfire,Nepal,East,2022-11-13,48697,4774,6696,48697,194788,3662,1623,46759
273,Earthquake,Sri Lanka,West,2024-06-25,50780,3371,2005,152340,203120,4535,67,45943
274,Cyclone,Sri Lanka,East,2024-01-14,66600,4956,7067,66600,199800,935,1411,28719
275,Earthquake,Indonesia,Central,2022-05-04,22817,3811,205,22817,68451,4953,1170,21250
276,Cyclone,Pakistan,West,2022-02-03,41891,60,5254,83782,83782,4779,2649,61382
277,Flood,Indonesia,East,2023-05-27,49406,1739,4074,49406,247030,3478,2800,26938
278,Earthquake,Nepal,South,2025-11-02,35959,3180,1871,35959,107877,1523,1387,29838
279,Wildfire,Pakistan,South,2021-09-22,28102,843,9269,28102,84306,1109,816,17540
280,Cyclone,Bangladesh,South,2026-03-01,26210,361,7766,52420,52420,2048,160,32576
281,Earthquake,Nepal,West,2022-12-31,23818,748,8958,47636,119090,1667,1432,26809
282,Flood,India,West,2023-06-27,71507,1301,2650,214521,214521,1708,208,157028
283,Wildfire,Sri Lanka,East,2022-05-01,53639,3570,4840,53639,268195,3091,119,17197
284,Landslide,Nepal,West,2025-04-04,45818,28,5735,91636,229090,1599,1254,82464
285,Drought,Sri Lanka,West,2025-01-16,6977,4786,2563,13954,27908,1985,65,9683
286,Flood,India,South,2023-02-03,29684,2177,4420,89052,118736,2573,1152,51444
287,Wildfire,Sri Lanka,South,2025-01-10,60908,1931,5747,121816,304540,872,533,63309
288,Wildfire,Nepal,North,2021-10-11,62509,2447,2436,125018,250036,907,2189,109663
289,Wildfire,Pakistan,Central,2026-04-20,49045,2684,9454,147135,245225,236,555,88538
290,Cyclone,Bangladesh,North,2023-09-01,1030,396,633,2060,2060,4956,1734,1616
291,Landslide,Indonesia,North,2024-09-12,21608,4908,235,64824,108040,3714,2133,31699
292,Earthquake,Pakistan,West,2025-10-20,79670,3374,8945,159340,239010,2040,2868,102251
293,Earthquake,Bangladesh,Central,2025-02-04,58954,3567,1056,58954,235816,4846,1644,48580
294,Earthquake,Pakistan,South,2022-10-10,90520,3748,2506,271560,181040,2061,852,177276
295,Drought,Pakistan,East,2024-09-17,51791,1966,7937,51791,103582,2660,461,17754
296,Drought,India,East,2021-10-31,13506,2083,6249,13506,67530,4369,872,5974
297,Drought,Pakistan,South,2021-11-13,1328,4490,2591,2656,5312,3799,2549,1446
298,Wildfire,India,Central,2021-08-24,13563,4488,9241,13563,40689,3563,2861,6193
299,Earthquake,Indonesia,South,2022-03-11,27315,1905,4287,54630,81945,548,1584,18846
300,Cyclone,Nepal,West,2021-10-08,87301,4529,5610,261903,261903,2576,1792,101865
301,Drought,Sri Lanka,South,2025-08-07,67671,3718,9466,203013,270684,3820,2910,113534
302,Drought,India,East,2022-03-19,54968,4734,7563,109936,274840,4020,1351,84882
303,Earthquake,Bangladesh,South,2023-10-11,99213,2643,4560,99213,396852,4925,1884,35135
304,Earthquake,Sri Lanka,Central,2024-04-16,67900,1546,7328,67900,271600,3074,2577,35065
305,Landslide,Indonesia,North,2025-07-30,15723,2063,4273,47169,78615,2397,515,33894
306,Wildfire,Nepal,East,2023-03-19,20829,4241,1320,41658,62487,4614,2035,19279
307,Earthquake,Bangladesh,Central,2023-11-24,15850,2016,4540,15850,79250,4210,2926,13300
308,Earthquake,Sri Lanka,North,2024-07-04,90988,3832,5536,272964,363952,1656,387,240568
309,Cyclone,Pakistan,Central,2025-02-10,24407,1013,5527,24407,122035,1066,2149,18840
310,Drought,Indonesia,North,2026-04-12,30909,859,36,92727,154545,2455,2330,54254
311,Wildfire,Bangladesh,North,2022-09-03,78902,505,8520,236706,394510,1533,1539,190411
312,Wildfire,India,South,2022-12-23,19985,2441,8764,59955,59955,4830,2661,34892
313,Cyclone,Nepal,East,2023-03-30,80987,450,5222,80987,323948,2729,928,63072
314,Earthquake,India,North,2025-12-05,68049,1326,6097,68049,340245,778,1351,60889
315,Earthquake,Sri Lanka,West,2024-05-08,69865,4135,2019,209595,209595,4087,1904,180342
316,Flood,India,East,2025-08-25,9769,2485,188,9769,19538,2579,572,3810
317,Drought,Sri Lanka,North,2024-08-04,35645,3456,5466,106935,142580,3796,2248,59134
318,Drought,Sri Lanka,West,2023-12-03,74358,3976,9989,148716,371790,4344,2681,88276
319,Wildfire,Pakistan,East,2026-01-03,82732,2771,3836,165464,165464,3383,2322,143355
320,Wildfire,Indonesia,South,2023-05-10,63419,4578,3564,126838,253676,542,440,81378
321,Flood,India,North,2025-03-15,78137,3354,324,78137,234411,1970,1893,46545
322,Flood,India,East,2026-03-07,58196,1013,8701,58196,232784,401,157,51077
323,Wildfire,Indonesia,East,2022-09-16,32642,4959,5343,97926,130568,1500,1552,40983
324,Landslide,Pakistan,South,2026-01-27,58300,2373,5699,174900,233200,4758,200,85760
325,Wildfire,Nepal,West,2024-04-30,94726,1821,445,94726,378904,2894,872,44819
326,Drought,Bangladesh,West,2026-02-08,60359,4769,9141,181077,301795,876,1649,155051
327,Drought,Bangladesh,Central,2024-06-06,69100,93,8417,138200,207300,1342,471,133005
328,Drought,Indonesia,East,2022-08-02,66862,4763,9093,66862,267448,3069,1799,34944
329,Wildfire,Sri Lanka,East,2021-08-02,75811,4197,5730,151622,227433,4956,789,50921
330,Landslide,Nepal,South,2024-05-05,79012,1991,2181,237036,395060,3663,2296,198820
331,Cyclone,Pakistan,Central,2025-10-14,63263,2673,7248,63263,316315,3036,3000,26704
332,Flood,Pakistan,West,2021-06-30,97570,4410,442,292710,487850,2794,1143,120681
333,Drought,Indonesia,Central,2026-03-11,49898,2835,1111,149694,199592,4632,1515,79742
334,Cyclone,Indonesia,North,2026-03-30,31537,106,9250,94611,157685,4742,1587,61793
335,Drought,Sri Lanka,South,2025-11-21,80345,4472,3880,160690,401725,2647,2282,126240
336,Earthquake,India,North,2023-12-03,57790,3154,9763,115580,173370,1508,2521,80775
337,Flood,India,North,2022-08-30,15501,2964,5442,15501,31002,230,1979,8844
338,Flood,India,Central,2022-09-26,17549,330,7773,17549,35098,1775,141,6638
339,Landslide,Nepal,Central,2022-05-12,72968,2438,5603,218904,145936,4039,1715,90279
340,Landslide,Nepal,Central,2023-05-27,15036,2706,9156,30072,45108,674,464,16962
341,Cyclone,India,South,2022-03-16,93365,844,1919,93365,466825,3661,2462,38008
342,Wildfire,Indonesia,East,2022-11-12,97234,577,7729,194468,388936,2312,1384,90327
343,Flood,Sri Lanka,West,2025-02-19,58237,3005,8816,58237,174711,3081,292,34961
344,Earthquake,Nepal,East,2025-12-26,11974,3571,2110,23948,47896,2729,969,16763
345,Drought,Indonesia,South,2022-10-27,30508,3066,5788,91524,91524,2007,744,77071
346,Drought,Pakistan,West,2022-05-25,75207,3824,1051,75207,150414,314,917,50126
347,Wildfire,India,South,2026-05-28,42849,1656,5759,42849,128547,146,2570,37424
348,Drought,Pakistan,Central,2025-08-06,70807,3275,9775,141614,354035,1301,2405,60098
349,Drought,India,West,2022-04-15,97543,2007,6374,97543,487715,1162,868,33633
350,Drought,Sri Lanka,North,2025-06-29,42824,4282,5984,128472,128472,643,596,100178
351,Earthquake,Pakistan,East,2024-04-16,17213,2383,8128,34426,51639,1201,2363,16773
352,Earthquake,Indonesia,South,2024-08-09,97446,2439,1166,97446,389784,4543,1347,92845
353,Wildfire,Nepal,East,2023-11-12,88236,2560,7104,88236,264708,4085,171,39119
354,Landslide,India,West,2021-12-27,65049,2571,7,130098,325245,2113,2927,66671
355,Flood,India,Central,2025-10-28,30911,3070,2206,61822,61822,854,1393,26018
356,Flood,Sri Lanka,West,2025-02-27,2337,3636,7749,7011,4674,3136,733,6104
357,Wildfire,Indonesia,West,2022-04-01,64383,147,3830,193149,321915,254,2852,143427
358,Landslide,Bangladesh,South,2025-10-28,81992,4891,5486,245976,327968,4287,902,160789
359,Wildfire,India,South,2026-02-17,55643,647,9114,55643,111286,1312,510,52087
360,Flood,Pakistan,South,2025-01-03,28674,4729,8356,28674,114696,4992,2884,24137
361,Cyclone,Pakistan,South,2024-10-28,9056,3930,6083,18112,45280,668,940,14887
362,Wildfire,Bangladesh,South,2026-01-10,78820,3232,8036,236460,394100,1694,1834,126327
363,Drought,India,North,2021-09-11,23907,1562,8764,47814,95628,3209,963,31393
364,Cyclone,Sri Lanka,Central,2022-06-20,31642,3793,4227,63284,126568,3366,136,34077
365,Landslide,Pakistan,East,2025-01-24,80464,1916,9747,160928,321856,2717,222,84489
366,Cyclone,Indonesia,South,2026-02-12,75816,4395,1912,75816,151632,4415,618,50539
367,Flood,Sri Lanka,East,2025-09-10,99293,4124,1820,99293,297879,2888,1449,38587
368,Cyclone,Nepal,North,2023-06-30,69675,32,9053,139350,348375,1929,1621,104673
369,Drought,Pakistan,East,2024-12-08,35325,2040,519,105975,141300,3277,309,103998
370,Wildfire,Indonesia,Central,2023-05-12,50878,3229,8286,50878,152634,3441,356,34147
371,Earthquake,Nepal,East,2024-05-25,82141,3548,4491,164282,246423,3148,924,119977
372,Earthquake,Indonesia,North,2024-04-02,19696,1375,898,39392,98480,4907,832,11968
373,Drought,Pakistan,South,2024-11-27,61352,4392,5189,184056,122704,3611,947,143712
374,Earthquake,India,North,2021-11-27,39453,3520,6530,39453,197265,2324,505,27770
375,Landslide,Pakistan,Central,2024-03-13,58176,3787,639,174528,174528,4403,1143,71917
376,Cyclone,Pakistan,North,2023-07-06,59464,83,3693,178392,297320,196,146,143456
377,Wildfire,Indonesia,North,2025-08-23,3382,326,7773,10146,16910,1800,1191,5568
378,Cyclone,India,Central,2025-09-27,19993,2586,8126,19993,99965,1563,302,19493
379,Drought,Indonesia,West,2022-07-01,18984,4492,3248,37968,75936,1376,63,13239
380,Cyclone,India,Central,2023-01-21,56840,876,8479,56840,227360,4121,568,51549
381,Flood,Pakistan,Central,2025-10-12,55089,2875,7587,110178,110178,752,2568,73501
382,Flood,India,West,2022-10-07,1362,3333,8619,1362,5448,996,1467,1005
383,Drought,Bangladesh,North,2022-08-09,62417,1368,1670,124834,312085,337,741,121407
384,Landslide,Indonesia,East,2024-05-12,66489,2820,2472,199467,332445,3066,172,109631
385,Wildfire,India,East,2026-05-13,63006,4461,473,126012,189018,2993,802,108819
386,Landslide,Pakistan,Central,2026-03-11,23123,3143,3208,69369,92492,4043,1030,54427
387,Wildfire,Pakistan,South,2023-04-20,2748,4235,2565,8244,5496,3839,767,8054
388,Cyclone,Sri Lanka,South,2024-11-13,86943,4765,9449,260829,260829,121,57,86171
389,Flood,Bangladesh,South,2022-03-01,79785,1328,9567,239355,319140,4071,147,110455
390,Earthquake,Indonesia,North,2023-10-05,83936,1478,465,251808,419680,4564,1631,174171
391,Cyclone,Bangladesh,East,2025-03-06,69982,569,5220,69982,349910,908,84,61927
392,Earthquake,Nepal,East,2024-11-19,89821,4080,8744,179642,269463,3484,2167,56096
393,Flood,Nepal,North,2022-10-12,76816,3627,4191,76816,384080,1447,139,63998
394,Cyclone,India,Central,2024-12-18,75007,4021,4921,225021,150014,3473,2522,78855
395,Wildfire,Sri Lanka,East,2023-09-30,34560,2873,272,69120,138240,154,458,33742
396,Cyclone,India,West,2025-09-19,97446,2936,4798,97446,487230,3576,1919,65906
397,Cyclone,Pakistan,South,2025-04-07,11026,3697,9002,11026,22052,2267,363,4020
398,Drought,Nepal,East,2025-12-23,30381,3976,1085,30381,121524,1783,2474,14131
399,Landslide,Sri Lanka,Central,2026-04-04,88427,695,8641,88427,265281,3614,2480,30190
400,Earthquake,Sri Lanka,South,2025-11-04,12351,1078,9683,37053,37053,554,2662,15687
401,Flood,Pakistan,West,2023-12-27,13786,411,1362,13786,41358,2970,1542,10129
402,Wildfire,Indonesia,South,2026-04-18,68661,1997,1909,205983,343305,4959,1884,122209
403,Earthquake,Indonesia,North,2024-01-28,69446,4469,5983,208338,277784,1220,2504,179592
404,Flood,India,North,2023-07-20,93774,154,628,281322,281322,2837,523,201115
405,Flood,Indonesia,Central,2022-01-22,4270,2092,9656,4270,12810,4635,1797,2794
406,Wildfire,India,East,2024-01-20,39673,4831,3553,79346,79346,528,1039,61715
407,Earthquake,Nepal,West,2025-07-15,31773,1581,7973,95319,158865,1792,2216,91196
408,Flood,Sri Lanka,West,2026-06-14,41092,45,8538,41092,205460,4914,2487,39880
409,Cyclone,Pakistan,North,2022-10-06,63073,1471,7804,63073,252292,1880,507,60117
410,Wildfire,India,South,2023-04-14,26158,3597,9733,26158,78474,1452,1532,8522
411,Drought,Nepal,South,2026-06-02,18112,1251,3159,18112,72448,4871,137,12622
412,Drought,Sri Lanka,Central,2025-08-01,2687,4897,6185,5374,5374,1772,299,3388
413,Cyclone,Sri Lanka,East,2023-03-29,18017,1399,6993,36034,72068,852,1711,20770
414,Drought,Pakistan,North,2024-12-16,50041,4093,4882,150123,150123,2756,594,84325
415,Cyclone,Indonesia,West,2021-11-03,13959,466,1185,13959,69795,4375,312,12554
416,Cyclone,Sri Lanka,Central,2024-11-14,16856,2921,7211,16856,33712,1743,2091,11988
417,Earthquake,Indonesia,East,2025-01-21,83058,4964,3042,166116,332232,1763,658,154685
418,Wildfire,India,South,2021-09-07,83540,1379,6365,83540,334160,455,1754,30541
419,Landslide,India,East,2022-01-30,67374,320,6795,202122,134748,1271,2196,77793
420,Drought,Nepal,South,2025-06-01,87387,1532,4925,262161,349548,672,174,257735
421,Drought,Indonesia,Central,2025-05-15,87597,2453,8608,262791,350388,1968,584,188410
422,Earthquake,Nepal,East,2022-06-12,65650,1814,5585,65650,196950,1128,1119,37449
423,Flood,Pakistan,North,2022-12-28,21206,1290,1194,42412,63618,2062,336,23800
424,Flood,Pakistan,Central,2022-09-28,5848,3560,1129,5848,29240,2847,1529,3113
425,Landslide,Pakistan,Central,2024-12-14,46324,2180,2408,46324,138972,1780,437,43718
426,Cyclone,Nepal,West,2026-05-19,29177,2395,9104,58354,145885,2839,1435,54326
427,Earthquake,Bangladesh,East,2022-01-13,17890,2970,353,35780,53670,2589,2500,17176
428,Wildfire,Bangladesh,East,2024-05-31,63237,602,9874,189711,252948,4306,837,83262
429,Landslide,Pakistan,Central,2023-12-22,33087,2155,8796,99261,165435,2797,2299,29805
430,Flood,Bangladesh,West,2026-05-28,99556,993,3945,199112,398224,3629,1443,143612
431,Flood,Nepal,West,2021-12-08,12450,3028,421,37350,24900,2097,1355,34546
432,Wildfire,India,Central,2023-03-14,30456,2755,1997,30456,60912,2118,220,13114
433,Wildfire,Nepal,Central,2025-05-31,48921,3686,359,97842,146763,874,2163,48497
434,Earthquake,Nepal,Central,2022-11-12,31580,2342,1722,63160,94740,3648,2579,44300
435,Wildfire,Pakistan,South,2025-05-30,33828,4196,3801,33828,67656,1703,2551,32324
436,Flood,Indonesia,North,2022-10-04,55329,2891,8790,165987,276645,2077,1153,89980
437,Landslide,Nepal,North,2022-12-01,65349,1824,6446,65349,261396,4400,1249,29596
438,Flood,Sri Lanka,North,2022-05-13,32023,1992,9331,32023,96069,4740,431,31825
439,Flood,Bangladesh,East,2026-06-11,26992,1846,1159,80976,53984,675,589,61137
440,Wildfire,Pakistan,South,2023-11-10,29116,2665,2569,58232,87348,2169,2584,40609
441,Wildfire,Sri Lanka,North,2023-10-10,58820,3156,5579,176460,176460,2356,2437,150169
442,Landslide,Nepal,South,2021-12-05,80923,2302,1530,242769,404615,2050,2364,92114
443,Wildfire,Indonesia,East,2024-06-21,39292,2876,6389,78584,78584,3694,1606,46578
444,Cyclone,Sri Lanka,North,2023-02-26,8346,3773,4779,16692,25038,2532,419,8061
445,Wildfire,Bangladesh,North,2023-11-23,37209,3985,1216,74418,148836,2774,2431,45865
446,Wildfire,Nepal,West,2023-10-25,89169,837,8820,267507,178338,3836,996,214713
447,Flood,Bangladesh,South,2025-01-20,56417,2115,2633,56417,112834,1682,1471,37493
448,Wildfire,Bangladesh,Central,2025-08-30,9950,4798,9280,29850,19900,2262,1161,12042
449,Cyclone,Nepal,South,2023-11-01,14539,489,3905,43617,58156,4298,2913,26551
450,Drought,India,East,2022-11-04,28773,228,9073,57546,115092,216,1723,45856
451,Cyclone,India,South,2026-05-22,59113,4333,1695,118226,295565,127,654,38342
452,Earthquake,India,South,2022-01-29,12837,3026,3181,25674,51348,2728,2189,8462
453,Wildfire,Pakistan,East,2026-05-24,40766,2749,4672,40766,81532,1031,1538,22829
454,Drought,Nepal,Central,2026-02-27,5695,4850,9428,5695,17085,3419,1392,2593
455,Earthquake,Sri Lanka,South,2023-03-30,85103,3947,5006,170206,170206,540,1464,121651
456,Wildfire,Bangladesh,Central,2024-02-18,67129,2948,7860,134258,335645,1742,2281,47292
457,Flood,Nepal,South,2025-07-11,89990,3965,3422,269970,449950,4337,2261,192987
458,Earthquake,Pakistan,Central,2025-07-10,17321,3270,8570,51963,34642,1714,1771,50789
459,Earthquake,Nepal,South,2023-04-15,71692,4606,502,215076,286768,315,1113,88901
460,Flood,Pakistan,East,2023-12-30,31231,1630,3538,62462,156155,4857,1085,24597
461,Drought,India,East,2022-07-27,80294,4789,9027,240882,401470,3009,1449,172221
462,Earthquake,Sri Lanka,North,2023-02-05,64499,968,318,128998,257996,617,2092,111267
463,Drought,Nepal,Central,2026-01-11,51296,4210,508,153888,256480,1253,1251,105006
464,Drought,Bangladesh,West,2022-08-09,86035,2752,8437,86035,430175,2899,2835,33143
465,Flood,Sri Lanka,South,2023-03-04,21761,1588,5247,43522,43522,1616,1666,27457
466,Earthquake,Sri Lanka,South,2026-04-24,57306,3625,5036,114612,171918,4138,957,45645
467,Cyclone,Bangladesh,Central,2025-08-22,22866,4792,6292,45732,114330,3531,1451,32711
468,Earthquake,Indonesia,East,2021-11-16,22056,3381,3907,44112,66168,3541,923,21431
469,Wildfire,India,Central,2026-03-05,79676,4989,4635,239028,398380,2881,158,237519
470,Flood,India,Central,2022-08-03,45850,675,3554,91700,91700,1049,993,31657
471,Earthquake,Nepal,East,2026-04-02,89386,3212,5561,89386,357544,4085,249,59210
472,Landslide,India,Central,2024-07-09,93914,1441,8572,187828,281742,2086,1689,123890
473,Flood,Pakistan,West,2024-01-02,67256,318,7264,201768,201768,4969,630,140236
474,Landslide,Indonesia,South,2022-10-28,97523,3464,697,97523,390092,1050,804,86935
475,Landslide,Bangladesh,South,2024-02-16,92837,3979,8331,185674,371348,1776,957,142361
476,Earthquake,India,South,2024-02-17,7666,3171,711,22998,22998,4865,2207,15507
477,Drought,Bangladesh,West,2022-11-15,8952,1163,8777,26856,26856,654,2132,14794
478,Drought,Bangladesh,East,2022-06-20,14209,182,9315,42627,42627,914,1875,27033
479,Cyclone,India,South,2024-03-04,37885,3726,1260,113655,113655,992,2646,59456
480,Flood,Bangladesh,North,2023-09-29,55731,1479,8580,167193,278655,1439,1982,100676
481,Cyclone,Sri Lanka,South,2022-06-04,28863,1970,1574,28863,144315,1362,149,18066
482,Cyclone,India,Central,2023-08-04,26787,3640,3472,26787,80361,2180,2898,16575
483,Wildfire,Sri Lanka,Central,2023-10-30,69247,2789,2936,138494,276988,2176,2200,68369
484,Landslide,Bangladesh,North,2025-07-27,61527,3447,5695,61527,307635,3270,354,37565
485,Flood,India,North,2024-04-15,59904,4153,8799,119808,239616,1492,1264,73199
486,Wildfire,Pakistan,Central,2024-07-05,39586,3330,7187,39586,197930,4131,202,31813
487,Flood,Indonesia,South,2024-11-23,99183,4968,7448,99183,198366,2911,1981,79744
488,Landslide,Indonesia,South,2022-07-14,77331,4520,4947,231993,154662,2654,2369,76866
489,Drought,Pakistan,East,2022-04-17,91575,2877,5493,274725,366300,2565,765,205255
490,Cyclone,Pakistan,South,2025-05-26,81524,4457,9428,244572,407620,1551,1449,182285
491,Drought,Sri Lanka,Central,2024-06-09,73985,4000,6606,147970,147970,3454,2950,133129
492,Wildfire,India,Central,2023-09-07,21195,1209,9330,21195,63585,3631,858,13336
493,Drought,Nepal,North,2021-10-05,9350,1992,9447,18700,46750,959,181,16405
494,Flood,India,East,2022-08-09,61712,138,289,123424,246848,3709,123,75500
495,Wildfire,Bangladesh,West,2024-02-16,73175,4155,6143,146350,365875,3244,2281,115139
496,Wildfire,Bangladesh,South,2023-03-13,67258,4171,1144,67258,269032,4264,493,59770
497,Wildfire,Sri Lanka,North,2025-06-30,40375,1738,9014,121125,201875,1105,949,92242
498,Earthquake,Nepal,South,2025-05-22,49244,2292,9660,49244,98488,973,432,35470
499,Drought,Sri Lanka,South,2021-08-11,36372,1830,5084,72744,181860,3746,1287,22833
500,Landslide,Pakistan,North,2025-05-04,28877,1736,2595,57754,144385,807,2348,33789
501,Earthquake,India,East,2026-04-04,7766,3012,5692,23298,31064,230,2194,18286
502,Wildfire,India,Central,2024-02-29,77565,2276,8546,77565,155130,4957,1613,52678
503,Wildfire,Pakistan,Central,2025-07-14,7960,1299,2543,15920,31840,3511,880,15160
504,Drought,Pakistan,North,2026-01-05,56906,4562,8573,113812,284530,3997,2211,70684
505,Drought,India,North,2023-04-02,87110,1792,3854,87110,174220,2950,1227,85197
506,Wildfire,Bangladesh,South,2025-05-18,61270,1922,6395,183810,183810,3451,755,146855
507,Earthquake,Bangladesh,West,2023-10-04,39332,3418,377,78664,117996,1686,812,30515
508,Cyclone,Sri Lanka,East,2024-03-16,71436,3058,7680,142872,285744,3496,1518,47241
509,Drought,Nepal,West,2022-06-23,26573,3865,9765,79719,53146,3879,2361,35606
510,Flood,Nepal,North,2022-10-20,42915,1553,6690,85830,214575,1200,2113,51299
511,Wildfire,Sri Lanka,Central,2023-07-09,96492,4782,7197,192984,482460,3682,1408,141325
512,Drought,Pakistan,West,2022-12-23,97511,1335,3496,292533,292533,4232,2162,273830
513,Flood,Bangladesh,West,2025-08-11,42064,1706,2922,84128,84128,4099,1837,40899
514,Flood,India,East,2026-03-24,58677,912,7652,176031,234708,2367,2597,171634
515,Drought,Nepal,East,2025-04-03,14676,1428,5887,44028,29352,2381,2899,25893
516,Cyclone,Nepal,West,2021-12-06,67968,4741,2527,67968,135936,2578,973,44686
517,Wildfire,Indonesia,Central,2022-11-12,78037,2947,6247,234111,156074,1052,2348,202902
518,Wildfire,Nepal,North,2026-04-19,94631,4453,4755,189262,473155,2707,845,177233
519,Landslide,Indonesia,South,2023-09-20,58948,2060,6148,117896,235792,1307,2721,59330
520,Cyclone,India,West,2024-12-08,57085,2398,9574,171255,228340,1254,1128,168557
521,Flood,Nepal,East,2022-08-06,14500,1580,7051,29000,29000,3356,2507,10874
522,Earthquake,Bangladesh,East,2026-04-16,65169,2833,1410,65169,260676,3359,1904,47554
523,Cyclone,Indonesia,East,2023-04-20,12490,283,4980,37470,49960,569,1675,15851
524,Earthquake,Pakistan,West,2022-09-02,24346,391,4466,48692,73038,3914,2704,45554
525,Wildfire,India,South,2026-04-13,75670,4720,5910,227010,151340,1037,1520,72285
526,Cyclone,India,South,2023-01-04,30749,2208,7727,30749,61498,1178,2077,26370
527,Landslide,Nepal,East,2022-05-06,8192,182,5271,24576,40960,2025,1577,14559
528,Wildfire,Bangladesh,South,2022-05-21,32506,131,5010,97518,97518,1824,668,36852
529,Flood,Pakistan,Central,2025-12-14,38722,658,1457,116166,193610,3721,627,108804
530,Cyclone,Sri Lanka,Central,2024-04-26,26323,4333,8621,52646,105292,2379,1483,25140
531,Cyclone,Indonesia,East,2024-12-10,49711,2298,4589,149133,149133,1624,859,108583
532,Cyclone,India,South,2024-12-10,54728,2836,9052,164184,109456,2984,2102,101939
533,Landslide,Bangladesh,South,2022-03-16,2368,2895,4169,7104,9472,4690,2505,2726
534,Cyclone,Bangladesh,South,2021-07-13,47802,4809,4756,95604,191208,1252,1498,56186
535,Landslide,Nepal,South,2026-04-28,31919,4522,376,63838,63838,4226,727,49345
536,Landslide,Nepal,South,2024-11-14,30481,1061,298,60962,60962,465,305,32798
537,Flood,India,Central,2023-09-24,3771,2504,584,3771,11313,650,906,2982
538,Landslide,Bangladesh,East,2022-11-25,97875,924,7046,195750,391500,2497,997,143295
539,Wildfire,Bangladesh,West,2026-05-24,75265,4987,8830,150530,376325,3042,1271,98856
540,Cyclone,Nepal,West,2025-10-27,44650,2442,769,44650,178600,1310,2997,35119
541,Wildfire,Sri Lanka,East,2023-10-22,85261,4692,1731,255783,255783,809,2657,220722
542,Wildfire,Bangladesh,West,2023-10-27,49721,3015,7015,149163,149163,3045,1865,47931
543,Earthquake,Pakistan,West,2024-06-21,89408,4006,1887,268224,447040,3592,913,182326
544,Cyclone,India,West,2025-10-16,15782,268,5244,47346,78910,2470,615,23132
545,Wildfire,Indonesia,East,2021-11-18,96802,4312,7179,290406,193604,3291,1112,289091
546,Cyclone,Indonesia,North,2026-05-15,2873,442,8737,8619,14365,3600,1220,4231
547,Landslide,Sri Lanka,North,2024-10-28,85932,1648,9504,85932,171864,832,2918,81660
548,Cyclone,Bangladesh,South,2026-06-09,70711,1674,3796,141422,282844,2697,1404,113802
549,Cyclone,Pakistan,Central,2024-04-23,94226,411,7695,282678,376904,709,1334,116836
550,Landslide,Nepal,Central,2022-03-22,70346,3021,7145,70346,351730,3043,392,25938
551,Wildfire,Pakistan,North,2021-10-07,93279,1371,8421,279837,373116,3066,2764,204901
552,Landslide,Nepal,West,2026-04-27,68183,2838,9240,204549,136366,4954,971,92519
553,Landslide,Indonesia,West,2021-08-10,52421,955,1851,157263,209684,3273,2884,89444
554,Wildfire,Bangladesh,East,2024-08-17,48713,3376,9055,48713,97426,1943,1538,29051
555,Cyclone,Sri Lanka,West,2024-09-11,14005,4359,4764,28010,56020,3692,2411,13445
556,Cyclone,India,South,2025-02-21,17235,3519,8947,34470,34470,1409,871,18898
557,Wildfire,India,Central,2026-02-11,47945,2158,4629,143835,191780,1897,2669,120379
558,Wildfire,Pakistan,West,2021-12-13,7781,3497,7069,7781,38905,1293,2021,2623
559,Wildfire,Bangladesh,Central,2023-10-19,62109,4798,4198,124218,310545,1096,610,76622
560,Landslide,Pakistan,West,2022-04-16,80198,4734,4337,80198,320792,2390,654,79852
561,Cyclone,India,East,2024-04-08,39268,2250,3358,39268,196340,4761,185,37557
562,Flood,Bangladesh,North,2025-10-01,15456,4662,4964,46368,77280,621,1360,15539
563,Drought,India,South,2024-06-15,19194,2988,2657,57582,38388,1989,1106,56923
564,Drought,India,East,2021-07-31,34561,4030,3245,69122,138244,738,2548,44599
565,Earthquake,India,East,2026-01-04,18376,4539,3968,18376,91880,2780,1337,12956
566,Flood,India,East,2023-11-05,23761,2102,4095,23761,118805,2413,838,10491
567,Flood,Sri Lanka,West,2024-01-20,44842,606,5062,134526,179368,3710,1307,120450
568,Cyclone,Nepal,West,2025-01-25,90491,4530,3199,180982,452455,1365,951,57961
569,Landslide,Sri Lanka,West,2025-12-17,1694,3905,9346,3388,5082,4158,2549,2696
570,Wildfire,Sri Lanka,Central,2023-07-17,14214,4264,9110,42642,42642,4128,336,37626
571,Drought,Bangladesh,South,2025-12-21,13786,4932,73,27572,68930,4007,1114,11656
572,Flood,Sri Lanka,North,2023-08-18,34407,4952,4668,68814,68814,3842,1191,43182
573,Earthquake,Indonesia,South,2026-03-13,37572,3313,2516,37572,187860,3244,2513,27725
574,Cyclone,India,South,2024-10-02,86287,414,3651,258861,431435,3778,1995,85086
575,Cyclone,Sri Lanka,West,2024-08-28,1385,1844,1411,4155,4155,4538,562,1778
576,Drought,Pakistan,East,2023-10-27,92338,3584,5334,277014,277014,4711,1507,230269
577,Earthquake,Pakistan,Central,2024-05-22,36384,2613,9595,36384,181920,2964,2952,36165
578,Drought,Nepal,Central,2022-09-09,99800,2674,2308,299400,299400,632,1685,119100
579,Flood,Sri Lanka,Central,2023-11-21,78517,203,3831,157034,314068,1278,2919,113078
580,Earthquake,India,West,2023-11-09,1986,3588,265,5958,5958,4401,2919,3201
581,Wildfire,Nepal,East,2021-10-29,51806,753,2809,51806,103612,2608,1173,34259
582,Drought,India,South,2026-03-27,98726,3080,1061,296178,197452,3660,1986,285070
583,Cyclone,Indonesia,Central,2021-10-14,32182,714,9704,96546,160910,1205,1646,82411
584,Flood,Bangladesh,East,2024-07-08,2423,3675,6476,2423,4846,1591,1368,1695
585,Flood,Pakistan,East,2024-12-13,55868,3647,6130,111736,279340,647,685,68961
586,Drought,Nepal,Central,2026-06-07,3546,3567,5477,10638,7092,1847,1382,6365
587,Earthquake,Indonesia,West,2026-04-20,30819,2874,6796,61638,123276,134,2789,56064
588,Cyclone,Bangladesh,Central,2025-01-26,34834,2610,9054,69668,69668,1536,2063,64534
589,Landslide,Nepal,South,2022-09-19,75170,1261,8830,225510,150340,2987,327,156628
590,Wildfire,Pakistan,Central,2024-02-26,68627,4515,5098,137254,205881,2841,2849,122860
591,Flood,Indonesia,East,2021-09-05,37888,165,9453,113664,151552,3970,2819,101146
592,Drought,India,South,2024-07-22,19323,242,6453,19323,38646,3731,2132,18599
593,Flood,Pakistan,Central,2024-08-26,98751,4068,6284,197502,296253,3943,91,189568
594,Landslide,Sri Lanka,East,2022-07-13,44410,194,3703,44410,177640,3017,2161,35195
595,Flood,Sri Lanka,North,2025-12-11,20413,3191,8013,40826,81652,1631,2464,15995
596,Drought,Nepal,North,2026-04-06,39947,4994,9012,79894,79894,4560,2514,27071
597,Wildfire,Sri Lanka,North,2023-12-22,92918,681,4116,92918,185836,2841,500,49354
598,Flood,Pakistan,West,2022-02-25,83734,4648,9730,167468,167468,618,1325,91923
599,Flood,Nepal,North,2022-09-22,64017,4160,8465,64017,256068,4226,1698,40564
600,Cyclone,Sri Lanka,West,2021-10-15,77308,2881,1723,231924,154616,4400,762,169614
601,Earthquake,Bangladesh,North,2021-08-27,21023,2061,6914,63069,42046,4938,1275,45871
602,Earthquake,Pakistan,West,2022-01-14,39354,3450,404,78708,118062,2266,1606,32591
603,Drought,Nepal,North,2023-09-14,86229,1979,4045,86229,344916,3146,1583,82094
604,Drought,India,South,2025-07-10,97461,2403,1131,97461,389844,4284,740,49751
605,Cyclone,Pakistan,Central,2025-12-03,8012,1669,1676,24036,24036,4657,2120,16128
606,Earthquake,Nepal,South,2022-12-31,63772,2580,7520,191316,191316,2688,2143,67214
607,Drought,Sri Lanka,Central,2024-05-22,35108,2189,172,70216,105324,1815,144,53469
608,Earthquake,Pakistan,East,2025-05-25,17969,4896,1320,53907,53907,3769,2272,18916
609,Flood,Sri Lanka,Central,2024-08-09,52792,3772,197,158376,105584,4274,2949,117914
610,Earthquake,Pakistan,South,2022-07-12,45925,64,2382,137775,229625,4632,1937,112588
611,Earthquake,Bangladesh,East,2025-07-15,67559,3512,134,67559,337795,810,1797,38898
612,Wildfire,India,West,2026-03-14,12421,3266,6305,12421,49684,2856,1767,8621
613,Cyclone,Sri Lanka,East,2023-05-26,7423,3439,4124,14846,14846,3958,1044,9511
614,Wildfire,Pakistan,West,2021-08-25,44539,3695,281,89078,89078,2120,2691,41353
615,Earthquake,Bangladesh,Central,2026-01-14,64621,3575,451,129242,258484,2695,530,70827
616,Flood,Bangladesh,East,2021-12-03,7725,250,230,15450,23175,4268,1989,10562
617,Cyclone,Pakistan,West,2022-11-23,90708,3752,8307,272124,181416,2615,2049,143015
618,Landslide,Nepal,West,2023-05-26,44226,2334,9904,88452,132678,3288,1469,82622
619,Earthquake,Indonesia,South,2026-05-29,31706,2691,3593,63412,63412,2313,2268,50248
620,Landslide,Bangladesh,West,2023-07-14,93999,3366,8852,281997,187998,852,1505,102292
621,Wildfire,Bangladesh,Central,2024-06-23,53949,3645,4335,107898,107898,1858,444,80071
622,Wildfire,Bangladesh,East,2023-02-27,61509,1064,3306,184527,307545,1622,298,144144
623,Wildfire,Indonesia,Central,2025-09-04,93107,4142,6927,186214,186214,175,980,126514
624,Cyclone,Bangladesh,South,2026-02-14,27309,2825,9866,54618,81927,3387,217,53709
625,Cyclone,India,East,2024-07-19,30490,3286,7961,91470,152450,171,1630,29432
626,Cyclone,India,West,2025-11-25,70650,2353,2845,211950,282600,3028,903,101304
627,Landslide,Bangladesh,South,2024-12-21,52140,726,7461,52140,104280,4258,2844,32021
628,Drought,Sri Lanka,East,2022-02-01,13358,796,8537,26716,26716,3663,1689,15557
629,Cyclone,Pakistan,West,2025-07-13,61409,4850,5986,61409,184227,311,1650,57409
630,Wildfire,Pakistan,West,2021-07-21,58812,989,1948,176436,176436,978,2710,125026
631,Landslide,Bangladesh,West,2025-07-16,32311,3254,26,96933,129244,1416,1783,45328
632,Landslide,Bangladesh,East,2026-04-12,9520,4665,5660,19040,28560,497,1086,18649
633,Wildfire,Pakistan,North,2025-10-17,62370,1371,5689,62370,124740,439,1185,50784
634,Flood,Pakistan,South,2024-11-10,26692,4221,8183,26692,106768,2251,1621,14992
635,Wildfire,Bangladesh,North,2024-12-17,51742,3330,9400,51742,258710,4366,330,42802
636,Landslide,Pakistan,West,2025-01-03,33915,2168,3056,33915,135660,680,487,33633
637,Cyclone,India,Central,2023-02-20,60242,2508,5521,120484,301210,3584,434,77867
638,Earthquake,Bangladesh,East,2022-10-05,18242,2142,3542,18242,91210,4173,2126,16425
639,Landslide,India,West,2022-09-14,56903,436,6407,56903,170709,3012,2216,37294
640,Wildfire,India,West,2025-01-29,45648,4425,8284,45648,91296,3930,2216,44500
641,Earthquake,Bangladesh,West,2024-11-30,97895,3595,4854,195790,293685,2876,2456,92787
642,Wildfire,Sri Lanka,South,2024-01-13,90168,4248,2721,90168,360672,3011,1277,42375
643,Flood,Nepal,South,2024-12-01,44241,2349,7953,88482,132723,1748,1817,54039
644,Landslide,Indonesia,South,2022-07-09,91198,3751,3203,182396,182396,728,354,174320
645,Landslide,Pakistan,West,2026-02-14,75373,2449,3646,75373,150746,475,2193,54236
646,Cyclone,Indonesia,Central,2025-07-27,13269,199,6672,13269,26538,4785,1496,12629
647,Landslide,Sri Lanka,South,2021-07-27,62874,2071,929,125748,251496,4975,856,103206
648,Wildfire,Pakistan,East,2024-01-02,48300,2497,9111,96600,96600,345,2434,29648
649,Cyclone,India,North,2024-03-06,80636,4823,862,80636,241908,4480,1338,55116
650,Flood,Nepal,Central,2022-10-19,25644,4860,5660,76932,102576,4815,539,33475
651,Landslide,Sri Lanka,West,2026-02-18,55565,2813,6116,166695,111130,4647,427,120254
652,Wildfire,Sri Lanka,East,2023-04-02,66726,40,3064,66726,333630,205,2557,58984
653,Earthquake,Indonesia,South,2024-05-20,80389,2081,8905,160778,160778,4755,470,115456
654,Landslide,Pakistan,East,2023-07-31,70766,3842,8907,70766,283064,728,2081,35742
655,Drought,Bangladesh,West,2023-11-02,86371,1571,737,172742,259113,4471,1483,159321
656,Flood,Sri Lanka,Central,2022-02-27,25813,4533,7490,25813,51626,904,2262,22388
657,Earthquake,Sri Lanka,North,2023-10-11,33570,163,395,33570,134280,3487,323,23637
658,Cyclone,Indonesia,Central,2022-11-29,83317,2210,2750,83317,333268,1858,1077,78784
659,Drought,Bangladesh,South,2023-08-19,52994,1352,3568,52994,158982,1342,1431,44266
660,Flood,Nepal,South,2024-07-10,8337,3166,937,16674,16674,1986,2592,15709
661,Landslide,Sri Lanka,North,2023-02-19,94713,3675,2139,189426,284139,2022,1841,115148
662,Wildfire,Indonesia,East,2022-08-25,73917,2122,1888,73917,369585,249,1684,27461
663,Earthquake,Nepal,Central,2025-08-11,29004,4357,8918,87012,58008,2797,2386,55141
664,Landslide,Sri Lanka,West,2026-05-16,86147,918,1855,172294,344588,4113,2794,143615
665,Wildfire,India,North,2025-09-15,21644,1812,9937,21644,86576,367,565,15128
666,Wildfire,Indonesia,South,2024-03-21,6429,3768,1771,6429,12858,1735,672,2158
667,Flood,Nepal,West,2025-11-09,68984,2006,1689,137968,344920,718,2053,115720
668,Landslide,Indonesia,South,2023-09-17,32330,1764,7556,32330,64660,722,467,27840
669,Earthquake,Bangladesh,West,2024-06-12,14783,4169,5899,44349,44349,4540,1508,38355
670,Drought,Bangladesh,East,2022-08-22,51883,4636,6083,155649,155649,1042,2236,65162
671,Cyclone,India,Central,2023-09-05,33446,2149,5548,66892,66892,445,1062,37254
672,Earthquake,Pakistan,North,2023-08-30,22688,1559,3132,68064,90752,2688,2158,37864
673,Earthquake,Indonesia,Central,2021-08-29,3089,1324,5760,9267,15445,1189,2055,5517
674,Wildfire,Sri Lanka,South,2025-01-18,17576,3713,1257,52728,70304,1795,1647,21620
675,Drought,India,Central,2023-05-26,40562,1890,2417,121686,202810,4782,2699,68296
676,Earthquake,Nepal,East,2025-12-19,58170,3335,9397,116340,290850,757,2214,94854
677,Earthquake,Bangladesh,West,2024-08-28,17246,1296,4613,51738,68984,420,2139,49823
678,Flood,Pakistan,Central,2023-08-22,66731,657,5954,200193,200193,4090,1454,148315
679,Cyclone,India,West,2022-02-16,44308,2795,7728,88616,221540,3970,917,77555
680,Cyclone,Nepal,Central,2023-01-16,38736,699,9909,77472,77472,3942,2766,26019
681,Cyclone,Sri Lanka,East,2021-07-08,79224,4126,4997,237672,158448,2576,115,151896
682,Wildfire,Nepal,East,2023-10-30,68589,4094,336,205767,137178,1835,2188,143729
683,Drought,Bangladesh,West,2023-01-09,26665,992,306,79995,79995,1394,2913,61244
684,Landslide,Nepal,North,2024-08-26,62006,1519,8689,62006,248024,1427,1136,30960
685,Cyclone,Pakistan,South,2022-09-15,11174,543,7116,22348,22348,3487,848,20985
686,Earthquake,Nepal,West,2023-05-26,85973,139,2801,257919,171946,203,2530,177791
687,Earthquake,Indonesia,West,2024-02-03,52717,1290,8600,52717,263585,3749,329,16226
688,Flood,Bangladesh,East,2026-01-08,68128,2951,503,68128,272512,2241,2222,41094
689,Landslide,Indonesia,South,2023-07-24,65489,3662,3884,130978,261956,4939,1526,116591
690,Cyclone,Sri Lanka,West,2024-02-19,57914,2773,3939,115828,115828,710,810,83393
691,Earthquake,Indonesia,East,2024-07-16,15636,1674,116,31272,62544,3404,1693,28728
692,Landslide,Bangladesh,East,2025-01-02,95082,1745,5636,95082,475410,2464,2871,48516
693,Flood,Indonesia,North,2022-07-04,15968,2751,2017,31936,63872,473,2069,31023
694,Landslide,Sri Lanka,South,2026-03-12,84016,2520,6012,168032,252048,2695,226,117480
695,Wildfire,Sri Lanka,East,2022-09-10,74020,3319,781,222060,296080,3106,1114,86125
696,Cyclone,India,West,2022-05-27,31772,1313,4619,63544,127088,3574,983,41859
697,Cyclone,India,East,2025-03-29,52667,4301,5953,158001,105334,4394,2180,97128
698,Landslide,Indonesia,North,2024-07-26,39063,3223,2357,78126,78126,4314,1922,48404
699,Landslide,Indonesia,East,2022-02-08,56967,3054,1393,113934,170901,325,1066,106492
700,Earthquake,Pakistan,West,2024-06-10,60100,996,7251,60100,240400,1274,2687,57870
701,Flood,Pakistan,North,2021-10-05,86436,790,9097,259308,432180,1188,1733,86919
702,Flood,Nepal,South,2024-11-07,89941,1689,3074,269823,449705,1976,1932,110999
703,Wildfire,Bangladesh,East,2024-04-05,74486,3812,1376,223458,372430,4427,2426,95266
704,Flood,Bangladesh,East,2025-07-17,62512,2258,404,125024,250048,635,2995,77371
705,Wildfire,Pakistan,South,2022-11-18,80184,7,6398,240552,400920,1507,170,183408
706,Wildfire,Pakistan,Central,2023-12-18,89207,4767,1614,267621,356828,4953,560,102845
707,Drought,Pakistan,West,2025-05-21,80558,3927,7699,241674,161116,4067,1581,238246
708,Cyclone,Indonesia,South,2024-05-10,95801,582,7599,191602,191602,1533,2654,108227
709,Drought,Indonesia,East,2025-09-02,94365,580,2223,94365,283095,2736,2163,62328
710,Landslide,Nepal,South,2022-02-21,68806,1516,5592,206418,344030,3582,2097,103831
711,Landslide,Nepal,South,2024-06-05,6460,158,3673,19380,12920,3693,2379,11922
712,Drought,India,East,2022-03-16,55632,3104,6252,55632,222528,1043,687,34278
713,Drought,India,South,2026-02-06,18681,4484,4941,56043,74724,3870,2717,50455
714,Landslide,India,Central,2025-04-16,42859,3793,8429,85718,214295,2146,2858,51048
715,Flood,Bangladesh,West,2026-06-17,69026,526,4362,207078,207078,4644,642,151732
716,Wildfire,Nepal,Central,2024-02-28,66225,3141,8541,198675,198675,4472,2925,119847
717,Cyclone,Indonesia,Central,2023-01-25,92678,4571,6125,278034,278034,1260,2044,246358
718,Earthquake,Nepal,East,2023-03-22,75598,3883,6898,75598,377990,4970,1847,73509
719,Wildfire,Pakistan,Central,2026-02-27,53204,3826,9385,106408,266020,2639,2403,83915
720,Earthquake,Nepal,North,2021-07-21,41733,3638,4429,125199,166932,361,1672,102261
721,Drought,Bangladesh,East,2024-11-06,56050,240,3116,112100,112100,3945,624,40452
722,Flood,Nepal,Central,2024-10-26,3278,1823,7083,3278,13112,737,1050,2976
723,Flood,India,Central,2022-04-02,78637,4895,6219,157274,393185,2147,338,92948
724,Drought,Bangladesh,East,2024-10-17,45914,4377,6631,45914,91828,1763,1361,39135
725,Wildfire,Indonesia,South,2021-09-24,7124,1771,4792,7124,21372,2351,2408,4668
726,Cyclone,Indonesia,South,2025-01-04,63763,4263,5360,127526,318815,3297,953,100045
727,Wildfire,Nepal,West,2022-07-30,70064,2559,5315,210192,350320,204,2874,125467
728,Drought,Bangladesh,South,2025-02-19,26343,1936,8289,26343,79029,2121,1747,10323
729,Flood,India,West,2024-07-13,49028,2024,4881,147084,147084,3617,1642,45310
730,Wildfire,Sri Lanka,East,2025-03-20,51324,3173,2470,153972,102648,939,2820,117031
731,Earthquake,Pakistan,East,2022-01-08,82858,4234,5093,248574,165716,529,1390,206437
732,Landslide,Bangladesh,North,2025-05-21,63098,2594,7329,63098,315490,3023,401,31957
733,Flood,Pakistan,North,2023-08-10,65707,3725,8403,65707,131414,4462,968,33046
734,Wildfire,Pakistan,Central,2025-05-15,69558,1219,7129,208674,208674,2723,2156,169084
735,Flood,Sri Lanka,West,2026-01-24,34770,2214,7927,104310,69540,591,2383,39419
736,Earthquake,India,North,2026-06-10,89985,4428,7573,89985,449925,4563,2068,63557
737,Earthquake,Bangladesh,East,2023-10-01,78840,1558,6015,78840,157680,1297,2973,40722
738,Wildfire,Bangladesh,North,2021-06-29,30115,3066,662,30115,150575,1759,1673,11564
739,Landslide,Pakistan,Central,2025-09-06,98823,1016,6807,98823,395292,2269,1542,55928
740,Flood,Bangladesh,South,2023-10-10,69800,3429,1559,139600,349000,2122,801,96129
741,Wildfire,Indonesia,West,2022-12-05,84673,3421,732,84673,254019,2729,2394,44521
742,Cyclone,India,West,2022-10-01,64488,4094,2632,64488,128976,4457,774,24407
743,Wildfire,Nepal,East,2025-03-19,57153,3308,7305,171459,228612,2426,1073,54941
744,Drought,Pakistan,Central,2024-06-17,98891,2997,4300,197782,494455,4777,1293,136901
745,Earthquake,Pakistan,South,2025-06-30,97022,3990,5717,291066,388088,739,1209,160737
746,Earthquake,India,South,2022-12-12,84789,633,4217,254367,423945,4174,356,129168
747,Wildfire,Pakistan,West,2023-09-27,21846,2827,4827,43692,109230,3070,1970,18782
748,Flood,Sri Lanka,North,2021-10-25,28317,1929,5444,56634,84951,577,2298,27740
749,Flood,Pakistan,South,2026-04-18,95086,912,9334,190172,380344,3045,1988,189550
750,Wildfire,India,North,2023-04-01,71636,3658,2147,214908,143272,1330,1734,109314
751,Flood,Bangladesh,South,2023-09-26,86738,499,961,260214,433690,847,2640,147383
752,Landslide,Pakistan,Central,2024-10-08,71580,243,780,143160,143160,3494,745,104905
753,Cyclone,Indonesia,East,2021-10-21,29877,4716,7577,29877,59754,3592,2359,25477
754,Landslide,India,North,2026-01-25,1201,472,2249,1201,6005,4903,2972,402
755,Drought,India,Central,2024-09-07,83966,4592,4635,251898,167932,169,2841,121832
756,Wildfire,India,West,2024-09-29,70058,2067,2457,140116,140116,4147,1757,54833
757,Landslide,Nepal,North,2022-03-06,16457,2539,8621,32914,32914,1774,257,29632
758,Landslide,India,South,2021-08-30,52916,907,4501,52916,211664,1549,69,40296
759,Cyclone,Bangladesh,North,2022-11-07,35027,935,245,70054,140108,1177,2856,49163
760,Cyclone,Indonesia,South,2025-11-15,3627,2339,2216,7254,14508,3111,1869,3702
761,Drought,Nepal,North,2023-10-24,17552,1774,1537,17552,87760,557,1669,9853
762,Cyclone,Sri Lanka,West,2025-06-02,89252,3235,537,267756,357008,2342,2220,161367
763,Landslide,Pakistan,West,2021-07-01,50301,1983,9250,50301,251505,2924,992,45783
764,Wildfire,India,South,2023-07-02,48887,563,3229,48887,244435,3223,2393,46589
765,Cyclone,Sri Lanka,Central,2024-12-26,45998,1025,9888,45998,91996,1936,1661,14774
766,Landslide,Indonesia,Central,2025-11-12,15284,4334,4032,15284,45852,3746,805,8650
767,Wildfire,Pakistan,North,2023-08-04,71270,4532,5809,71270,285080,4801,1410,26620
768,Earthquake,Pakistan,West,2021-07-11,87856,3994,5602,263568,351424,4087,2503,108100
769,Earthquake,Nepal,Central,2023-01-09,61999,921,5282,61999,309995,4968,299,28325
770,Cyclone,Sri Lanka,West,2023-12-24,20832,1432,3479,20832,62496,2979,308,16898
771,Flood,Bangladesh,Central,2021-06-27,75016,4722,8374,225048,225048,1072,1255,72990
772,Flood,Indonesia,North,2025-11-14,72201,483,1655,216603,288804,2729,285,160676
773,Wildfire,India,North,2025-06-10,42252,1529,1460,42252,84504,3290,1951,36697
774,Earthquake,Sri Lanka,West,2025-10-23,20097,7,8554,40194,100485,4524,1864,39173
775,Wildfire,Nepal,Central,2022-02-24,41580,2895,4641,83160,83160,2073,1481,65020
776,Landslide,Nepal,West,2022-08-13,84647,4689,6624,84647,338588,1137,68,73306
777,Drought,Sri Lanka,North,2023-06-22,67314,2215,1787,134628,134628,4000,1375,102331
778,Wildfire,Pakistan,East,2024-05-21,17328,4894,5081,34656,51984,575,304,25480
779,Drought,Bangladesh,Central,2023-10-06,36542,3265,6442,73084,146168,1887,2289,25736
780,Cyclone,Bangladesh,East,2025-11-21,85306,2321,5963,255918,341224,1958,144,179829
781,Cyclone,Bangladesh,Central,2023-05-21,78178,4875,2377,234534,312712,288,2630,150293
782,Cyclone,Bangladesh,East,2022-09-18,31329,2433,4749,31329,93987,4808,96,25471
783,Wildfire,Nepal,South,2023-05-29,91607,2200,9356,183214,366428,3284,2347,91761
784,Flood,Sri Lanka,East,2025-12-02,47706,985,7838,95412,238530,4992,1724,69929
785,Wildfire,Pakistan,Central,2023-05-27,47351,716,2134,142053,189404,474,1477,108089
786,Landslide,Pakistan,East,2024-07-01,11727,4738,3104,23454,58635,934,452,16758
787,Landslide,Indonesia,North,2025-11-23,5967,3319,9527,5967,11934,3328,151,1972
788,Cyclone,India,North,2023-07-30,93670,554,9269,93670,281010,3351,2164,53566
789,Flood,Indonesia,North,2024-04-29,92659,697,5009,92659,463295,4327,942,92621
790,Landslide,Bangladesh,East,2022-07-12,74751,4010,5945,224253,373755,1879,184,165153
791,Drought,Bangladesh,South,2023-02-05,95614,3529,985,95614,191228,2263,683,48046
792,Cyclone,Pakistan,North,2022-10-30,77729,665,9938,77729,155458,2749,2771,27306
793,Wildfire,Nepal,West,2022-08-08,23588,3147,1419,23588,47176,1826,2099,13074
794,Drought,Nepal,Central,2023-05-08,17013,779,3079,51039,34026,1354,1292,22572
795,Earthquake,Sri Lanka,West,2021-11-05,29372,4469,2222,58744,88116,4439,2822,19531
796,Cyclone,Pakistan,South,2023-07-22,80781,2771,3401,161562,323124,4203,2046,61096
797,Wildfire,Indonesia,Central,2023-12-14,30021,2215,2231,60042,150105,1534,1715,38518
798,Cyclone,Indonesia,Central,2022-07-28,61849,1185,9520,61849,185547,3329,1097,22823
799,Wildfire,Indonesia,South,2026-06-15,95192,83,623,190384,475960,3049,1357,184055
800,Cyclone,Pakistan,South,2023-12-03,87726,2938,6992,175452,175452,4603,1740,166161
801,Earthquake,India,Central,2021-07-27,45393,4291,2557,45393,136179,2023,1087,13784
802,Cyclone,Nepal,East,2022-08-02,42890,208,2311,85780,128670,1427,362,74345
803,Wildfire,Sri Lanka,West,2025-03-15,73110,3592,7946,219330,365550,1178,679,83355
804,Wildfire,Pakistan,Central,2023-07-27,43065,2596,6369,43065,172260,3259,1806,14584
805,Earthquake,Bangladesh,Central,2023-06-15,71348,3486,6154,142696,285392,2667,98,46462
806,Flood,Sri Lanka,South,2023-04-25,45968,587,8468,137904,91936,980,162,51491
807,Wildfire,Bangladesh,East,2023-10-04,38491,4957,3886,76982,76982,4697,1868,68707
808,Wildfire,Nepal,East,2021-10-25,41481,2040,8667,82962,82962,662,2792,26189
809,Drought,Bangladesh,Central,2022-02-08,97621,2095,28,195242,390484,1561,2199,183077
810,Earthquake,Sri Lanka,Central,2021-10-23,30973,2447,7633,61946,154865,698,131,32107
811,Cyclone,Pakistan,South,2026-04-18,64663,4393,207,193989,129326,2204,1397,137305
812,Flood,Indonesia,West,2025-07-23,73503,1036,1240,147006,294012,3132,613,112994
813,Landslide,Indonesia,Central,2024-08-12,3931,846,7071,3931,7862,767,2770,2734
814,Cyclone,Nepal,South,2023-04-08,52913,3669,5906,105826,264565,161,463,70500
815,Drought,Nepal,West,2022-04-22,73360,640,5471,73360,366800,1654,1018,33939
816,Earthquake,Indonesia,North,2023-05-24,24230,4824,9932,48460,96920,3404,1748,18022
817,Cyclone,Pakistan,North,2024-10-03,9072,3644,810,27216,27216,162,1173,10195
818,Drought,Pakistan,West,2023-02-24,32066,1171,3718,64132,160330,2581,2517,58872
819,Wildfire,India,West,2026-05-24,75608,4630,2825,226824,226824,3512,1721,204450
820,Landslide,Indonesia,South,2022-11-05,13058,4233,7435,39174,52232,264,2498,29677
821,Earthquake,Pakistan,East,2024-08-16,41864,2732,218,83728,125592,3705,1312,40040
822,Flood,Nepal,Central,2024-07-21,44438,1607,8893,88876,88876,735,2227,57437
823,Flood,India,West,2025-06-11,33608,655,5396,33608,100824,2403,1701,22213
824,Cyclone,Indonesia,East,2022-11-29,27152,2162,2616,27152,135760,2898,1735,16161
825,Flood,Sri Lanka,Central,2022-03-02,13338,3759,7112,13338,53352,1386,688,13193
826,Flood,Pakistan,Central,2026-05-08,97882,2231,7933,97882,195764,2679,75,87335
827,Earthquake,Bangladesh,Central,2025-04-04,22314,4283,4482,44628,44628,1055,1847,16955
828,Flood,Sri Lanka,North,2022-07-23,42646,4937,5145,42646,127938,3438,318,41462
829,Cyclone,Indonesia,West,2024-12-07,38622,389,8895,77244,154488,2472,1463,53694
830,Landslide,Bangladesh,East,2024-02-15,1063,491,7891,1063,5315,1420,798,713
831,Cyclone,Sri Lanka,North,2025-10-06,23850,4763,8612,23850,95400,1674,489,17161
832,Cyclone,Bangladesh,West,2023-12-05,17390,4519,7743,52170,52170,2367,2906,19434
833,Drought,Bangladesh,East,2023-01-16,30088,3578,2047,90264,60176,3844,351,49309
834,Flood,Indonesia,Central,2021-08-20,29353,2729,22,58706,146765,2690,1698,54661
835,Drought,Indonesia,South,2023-02-03,45066,4647,1945,90132,225330,4373,329,48406
836,Wildfire,Pakistan,North,2024-10-27,4863,2351,4611,14589,9726,449,2599,11083
837,Cyclone,Indonesia,West,2023-02-18,9215,2665,6274,18430,36860,1258,2244,9529
838,Flood,India,North,2023-06-16,1681,4648,3252,1681,8405,1843,1602,1078
839,Cyclone,Indonesia,East,2026-05-02,55326,1767,1022,165978,165978,3427,2689,96414
840,Wildfire,India,Central,2024-08-17,4439,2137,8353,4439,17756,4135,741,4016
841,Flood,Nepal,Central,2022-11-06,3975,4754,241,3975,15900,683,2334,2748
842,Wildfire,Nepal,South,2025-12-26,57661,4716,7035,115322,230644,3994,1327,64291
843,Drought,India,South,2024-11-03,66527,3176,540,199581,266108,323,268,137824
844,Landslide,India,North,2022-08-08,48600,4584,8657,48600,243000,2385,1376,30355
845,Wildfire,India,South,2024-05-11,79962,2743,7094,159924,239886,537,709,158401
846,Cyclone,India,East,2024-11-22,33805,2104,6837,67610,135220,2807,1590,34590
847,Earthquake,India,Central,2023-07-02,40783,3892,2697,81566,122349,3770,548,53498
848,Landslide,India,East,2022-01-23,16318,4092,9682,32636,65272,1104,2633,15782
849,Landslide,India,East,2025-10-14,57290,48,2722,171870,171870,1019,2655,109078
850,Flood,Pakistan,North,2023-06-23,92164,851,7596,184328,460820,329,62,97488
851,Wildfire,Sri Lanka,Central,2023-06-28,79633,3797,3213,79633,398165,1668,1840,25748
852,Wildfire,Indonesia,South,2022-08-03,13091,2713,3462,39273,52364,1661,2079,22187
853,Earthquake,Nepal,Central,2022-03-29,98792,3498,4698,197584,197584,4021,1098,191649
854,Wildfire,India,South,2022-10-24,32376,845,9777,32376,97128,4601,1621,28249
855,Wildfire,India,West,2024-11-11,47696,3,1034,47696,190784,1508,2501,44189
856,Earthquake,India,East,2025-06-26,36277,2542,7736,36277,108831,2658,1173,30653
857,Cyclone,Sri Lanka,West,2021-08-30,26477,2377,3182,79431,52954,1075,1950,41028
858,Cyclone,Sri Lanka,Central,2021-10-03,12448,4156,5112,24896,49792,3932,764,11624
859,Drought,Sri Lanka,East,2024-03-21,24352,3472,2559,73056,97408,4999,597,53386
860,Cyclone,Bangladesh,West,2022-10-14,98497,405,858,98497,492485,726,1611,53427
861,Wildfire,Sri Lanka,Central,2025-07-16,78584,67,3133,157168,314336,2160,417,110433
862,Earthquake,Pakistan,Central,2021-09-25,89942,1618,5093,179884,359768,4989,905,66554
863,Drought,Bangladesh,West,2021-10-29,57094,2412,2660,171282,228376,1704,425,111870
864,Landslide,Pakistan,South,2021-12-17,75675,4055,4650,227025,151350,1629,1593,208163
865,Wildfire,Nepal,West,2021-08-18,38323,4847,7876,76646,114969,1225,646,66057
866,Cyclone,Pakistan,East,2025-05-01,78685,3505,2181,236055,314740,755,1916,136935
867,Wildfire,India,West,2023-10-07,27086,2634,4882,27086,54172,1830,1414,26701
868,Earthquake,Sri Lanka,North,2022-11-09,55524,2163,4345,55524,277620,4642,2948,49810
869,Wildfire,Sri Lanka,East,2025-01-31,58031,834,4949,58031,116062,3634,2690,49434
870,Drought,Indonesia,South,2026-02-13,74371,4711,4463,74371,371855,1044,2497,62783
871,Drought,Bangladesh,North,2023-07-09,93559,2354,9883,187118,187118,2402,446,104684
872,Wildfire,Indonesia,East,2024-10-16,76184,1245,4287,152368,152368,4075,2696,106236
873,Earthquake,Nepal,West,2024-02-18,38003,772,9511,114009,152012,1034,1777,90889
874,Cyclone,Sri Lanka,East,2024-12-20,85422,4314,5258,85422,341688,3825,620,63885
875,Earthquake,Indonesia,West,2023-04-26,64357,1073,8992,193071,128714,4836,2953,83859
876,Flood,Indonesia,Central,2022-08-19,70186,2431,586,140372,210558,4962,314,92823
877,Cyclone,Indonesia,South,2025-08-20,94684,791,6938,94684,378736,198,1497,62577
878,Landslide,Nepal,North,2021-11-07,98612,2380,4881,98612,493060,3301,2173,87354
879,Flood,Bangladesh,Central,2022-08-20,63852,2128,8636,191556,127704,3667,1047,184609
880,Wildfire,Indonesia,North,2023-04-26,29030,4889,5317,29030,116120,1398,881,9662
881,Wildfire,Nepal,Central,2022-07-04,71747,3374,7569,71747,143494,3967,1293,53681
882,Landslide,Pakistan,Central,2022-10-30,30544,4073,3579,61088,61088,4119,1784,19331
883,Landslide,Pakistan,West,2025-07-16,45571,2902,9293,91142,136713,3471,440,45078
884,Drought,Sri Lanka,South,2021-11-28,42973,3087,5504,85946,214865,4194,978,75443
885,Cyclone,India,Central,2022-11-01,97335,999,8581,97335,486675,258,463,76408
886,Drought,Nepal,North,2023-03-04,99961,3689,6678,199922,299883,4068,1137,193051
887,Landslide,Indonesia,West,2022-08-02,95283,1841,2764,190566,381132,574,1629,80527
888,Wildfire,Bangladesh,West,2023-05-04,96087,1671,5588,192174,480435,1032,1438,149792
889,Wildfire,Pakistan,Central,2022-03-02,56912,2718,246,170736,170736,2987,1627,70288
890,Flood,Pakistan,East,2025-07-29,5651,1246,337,5651,16953,2954,1409,2321
891,Drought,Nepal,North,2024-07-30,79025,1988,1928,237075,237075,4981,2141,123000
892,Landslide,India,Central,2024-07-10,79688,1873,2511,159376,159376,4963,2291,136150
893,Wildfire,Bangladesh,South,2026-02-06,45460,2580,7015,45460,136380,2837,2362,37162
894,Drought,Pakistan,West,2025-11-28,9084,1859,1130,27252,45420,187,1431,24504
895,Wildfire,India,East,2026-01-07,93888,3773,8180,93888,187776,3073,988,58710
896,Flood,Bangladesh,East,2022-06-06,31321,2892,2784,62642,125284,1807,1873,25486
897,Earthquake,Indonesia,Central,2023-09-12,74452,1901,486,74452,297808,1069,2609,72434
898,Flood,India,South,2022-06-02,46570,2070,8307,139710,93140,3759,831,138520
899,Landslide,Nepal,South,2021-12-24,23021,3363,1181,46042,115105,2724,1664,42730
900,Drought,Bangladesh,North,2025-08-14,83825,2385,3127,167650,251475,923,2889,160334
901,Earthquake,Indonesia,West,2024-11-22,22263,1466,6004,66789,111315,3022,2723,63055
902,Landslide,Sri Lanka,East,2025-09-11,84416,1054,5051,84416,337664,2241,471,31590
903,Flood,Bangladesh,North,2023-06-20,5078,2978,1220,15234,15234,1118,452,9348
904,Drought,Indonesia,North,2025-01-31,42629,3907,6256,42629,170516,3312,942,38585
905,Wildfire,Pakistan,Central,2024-03-27,26063,2985,7910,26063,52126,1049,1303,14765
906,Earthquake,Sri Lanka,West,2022-07-08,84996,1941,996,254988,169992,1517,536,195536
907,Drought,Indonesia,Central,2025-10-15,44949,3794,975,134847,134847,4705,105,117204
908,Landslide,Nepal,South,2025-05-15,91030,1785,8469,91030,455150,1341,2827,75825
909,Flood,Nepal,South,2023-07-27,51973,843,2345,51973,259865,1616,221,31213
910,Cyclone,Indonesia,South,2025-04-20,3025,3534,5219,6050,15125,4731,289,6031
911,Landslide,Bangladesh,North,2023-02-25,18908,3052,6315,18908,56724,487,2522,9477
912,Landslide,India,North,2022-07-28,40224,3248,9294,40224,201120,4101,2277,25716
913,Wildfire,Pakistan,Central,2022-03-02,13619,3635,9512,40857,54476,3827,1710,25911
914,Flood,Pakistan,South,2024-07-23,84041,3702,8498,252123,252123,4274,280,140396
915,Wildfire,India,South,2025-08-22,82423,3970,9259,164846,247269,2463,733,126722
916,Flood,Indonesia,North,2024-10-08,83452,2210,149,250356,417260,3811,2761,114924
917,Wildfire,Nepal,West,2026-01-18,63887,4440,292,191661,127774,882,1429,89029
918,Drought,India,Central,2026-05-27,23669,1135,4654,23669,71007,3129,2296,7756
919,Flood,India,North,2022-09-22,77489,2493,5076,77489,309956,309,1443,38254
920,Flood,India,South,2022-11-18,72230,3524,2735,144460,144460,2755,959,57871
921,Flood,Nepal,East,2025-12-13,55612,717,8965,166836,166836,4514,1032,82148
922,Flood,Pakistan,Central,2021-08-09,5144,1028,6867,10288,25720,4493,1081,6407
923,Landslide,Bangladesh,North,2023-02-18,79849,4370,5443,79849,319396,2807,2817,63432
924,Landslide,Bangladesh,West,2024-06-11,16032,981,6268,48096,48096,1777,2785,20414
925,Earthquake,Pakistan,East,2024-07-16,56061,2502,6688,112122,224244,4934,1556,91458
926,Wildfire,Pakistan,South,2025-02-12,8022,2169,5044,24066,24066,4411,1472,19917
927,Cyclone,Sri Lanka,North,2026-05-15,94232,3447,1980,188464,188464,3211,2619,87526
928,Earthquake,Bangladesh,South,2022-05-16,34156,2085,5371,102468,102468,131,2161,92483
929,Drought,Bangladesh,Central,2025-08-20,93151,36,738,279453,372604,4103,1631,161095
930,Earthquake,Nepal,East,2025-05-03,22252,3916,3430,66756,111260,223,1246,20754
931,Wildfire,Sri Lanka,East,2022-10-11,92781,3091,9441,92781,278343,3504,1883,82306
932,Wildfire,India,East,2023-10-24,84915,3360,3365,254745,254745,171,2697,118818
933,Wildfire,India,West,2026-03-13,32325,252,8270,96975,129300,3651,2181,75998
934,Earthquake,India,East,2024-12-09,5552,3836,7851,11104,27760,4737,1650,7455
935,Flood,Nepal,West,2022-08-03,36917,4046,9801,73834,147668,3467,1253,54427
936,Flood,Sri Lanka,North,2026-03-22,66437,659,4073,199311,132874,1700,626,126451
937,Wildfire,Pakistan,West,2022-04-17,98360,273,9528,196720,196720,351,381,118307
938,Cyclone,Nepal,East,2024-05-11,28296,3711,871,28296,84888,563,2633,11447
939,Landslide,Bangladesh,West,2021-10-03,36928,4192,2037,73856,184640,3811,1605,71936
940,Flood,Sri Lanka,Central,2023-10-15,74707,1926,8722,74707,149414,4046,870,53790
941,Earthquake,Nepal,South,2021-11-22,79394,4130,666,158788,158788,2124,776,128981
942,Drought,Nepal,North,2024-03-09,31240,4011,7469,62480,156200,648,2331,32598
943,Drought,Sri Lanka,North,2024-07-26,58959,107,3842,117918,117918,174,2946,49692
944,Cyclone,Sri Lanka,South,2025-08-26,23999,4415,6249,47998,47998,2890,785,22527
945,Cyclone,Indonesia,North,2023-07-30,69635,4944,3886,208905,208905,1905,2948,108077
946,Landslide,Nepal,North,2025-12-23,85612,3404,7393,171224,256836,1548,1386,164043
947,Wildfire,Sri Lanka,South,2022-03-05,7267,159,2941,7267,14534,2215,2240,2363
948,Earthquake,India,West,2023-08-13,32210,3845,8173,64420,96630,4811,2451,34495
949,Earthquake,Bangladesh,West,2025-05-18,92424,1054,455,277272,462120,2243,290,255169
950,Drought,Nepal,East,2024-09-18,55124,4291,6156,55124,220496,2331,2330,20096
951,Landslide,Nepal,Central,2023-09-03,75474,1441,2817,75474,301896,1781,1532,67228
952,Earthquake,Sri Lanka,South,2022-09-19,36150,2849,5530,36150,72300,3342,231,29711
953,Drought,Pakistan,Central,2025-05-13,15006,3927,9329,30012,75030,1133,1777,26696
954,Wildfire,Indonesia,East,2025-08-28,53847,2448,6027,161541,161541,3329,380,83172
955,Flood,Sri Lanka,Central,2025-12-17,27899,3966,6132,55798,139495,4962,2679,31686
956,Wildfire,Indonesia,Central,2022-11-01,64273,2043,4515,192819,257092,2371,722,84086
957,Cyclone,India,Central,2021-06-18,38518,4247,2436,115554,192590,2450,427,73772
958,Earthquake,Sri Lanka,North,2025-08-01,69319,2739,727,138638,277276,234,1538,60501
959,Wildfire,Nepal,East,2024-10-01,11126,3670,8770,33378,55630,3132,563,13063
960,Earthquake,Sri Lanka,South,2026-03-08,70452,4205,4354,211356,211356,4593,1509,84744
961,Cyclone,Nepal,East,2023-06-02,83588,4098,8568,250764,334352,2493,2908,206453
962,Wildfire,Pakistan,East,2022-10-05,47718,2991,4586,47718,95436,3849,1757,23108
963,Cyclone,India,West,2023-05-27,62367,4862,4502,124734,311835,2677,308,54644
964,Landslide,Indonesia,North,2025-10-29,33019,707,575,33019,165095,4086,1705,26243
965,Landslide,Bangladesh,West,2026-01-22,99867,987,3361,99867,399468,3211,525,49939
966,Earthquake,India,North,2022-06-11,91045,947,8120,182090,455225,1136,295,113662
967,Landslide,Pakistan,South,2026-02-18,97823,2392,5061,293469,391292,3189,112,179481
968,Landslide,Sri Lanka,East,2025-10-25,47633,2612,250,95266,190532,2034,2614,44318
969,Flood,Pakistan,South,2025-05-29,26076,3617,1068,78228,52152,1727,1559,30793
970,Landslide,India,West,2022-10-09,3821,1234,9102,7642,19105,3457,1058,7384
971,Flood,Indonesia,Central,2022-06-02,70608,3926,2211,211824,353040,1564,2415,184032
972,Earthquake,Indonesia,South,2021-08-19,28194,2129,6021,28194,140970,2683,1461,27426
973,Cyclone,Indonesia,West,2021-07-31,79921,3247,1175,239763,399605,4107,2549,146091
974,Flood,Bangladesh,West,2025-05-27,24715,4116,8538,24715,123575,1281,2336,17835
975,Wildfire,Sri Lanka,East,2024-10-19,40423,3477,3252,121269,161692,2508,2844,118825
976,Flood,Pakistan,North,2023-01-06,3413,3267,7139,3413,6826,4477,525,2582
977,Wildfire,Bangladesh,East,2022-12-05,25892,1223,3777,51784,77676,2302,1203,40043
978,Cyclone,Nepal,East,2023-05-10,28770,354,6466,86310,57540,325,456,38886
979,Flood,Pakistan,Central,2024-10-01,8082,2331,2033,8082,24246,3475,2269,7476
980,Earthquake,Bangladesh,South,2024-07-10,13976,1536,1917,13976,55904,2799,2220,9349
981,Drought,Pakistan,West,2024-12-17,25498,1160,9691,50996,101992,1268,2085,28553
982,Earthquake,Pakistan,South,2025-07-31,35659,3502,9749,35659,142636,1638,1839,19811
983,Drought,India,Central,2024-01-15,74703,3997,128,74703,298812,2730,2919,57563
984,Cyclone,Bangladesh,East,2023-04-21,55457,836,5851,110914,110914,4146,148,45950
985,Flood,Pakistan,West,2025-10-02,61682,3057,5715,185046,185046,1332,872,73351
986,Landslide,Sri Lanka,North,2025-07-18,37180,364,369,37180,148720,1496,1552,32308
987,Flood,Pakistan,Central,2025-01-01,15349,3454,5192,46047,46047,3730,616,30954
988,Wildfire,Bangladesh,North,2025-09-29,76702,4600,926,230106,383510,1987,2749,95175
989,Drought,Nepal,East,2024-12-30,73702,130,5704,147404,294808,2508,2968,143429
990,Cyclone,Bangladesh,East,2023-07-08,81059,371,1217,243177,162118,2270,468,183075
991,Landslide,Indonesia,Central,2022-02-22,96414,322,449,96414,482070,1323,72,42972
992,Earthquake,Sri Lanka,East,2022-07-14,53409,4102,6201,53409,160227,4875,1719,47455
993,Wildfire,Nepal,East,2024-01-24,9435,1354,2596,28305,28305,3805,1871,8924
994,Cyclone,Pakistan,North,2026-01-18,77130,8,5106,77130,308520,1909,2893,50921
995,Cyclone,Bangladesh,South,2023-02-10,82080,3085,2455,246240,246240,3043,2737,149721
996,Landslide,Pakistan,Central,2025-07-31,40013,592,2004,40013,160052,2677,1983,27834
997,Drought,Pakistan,South,2024-01-30,82486,4454,9935,164972,329944,4644,1692,110302
998,Earthquake,Sri Lanka,West,2023-02-12,40909,3962,606,40909,163636,4891,2744,18376
999,Earthquake,India,West,2025-05-25,78108,1967,9474,234324,312432,2370,2795,233856
1000,Flood,Pakistan,North,2024-10-14,1744,2453,9341,3488,6976,700,1385,1507
